,nome_distrito,ano,mes_inicial,mes,dengue_diagnosis,dengue_diagnosis_previsto,qtd_cnes,precipitacao (mm)-1,temperatura (Â°C)-1,umidade ar (%)-1,sum_vizinhos_t-1,t-1,t-2,t-3,densidade_demografica,zika-1,chikungunya-1,critical_neighbor,liraa
0,CENTRO,2017,1,1,22,48,0,194.8,25.37,77.69,48,22,4,5,10646.12,22,22,0.37,0
1,CENTRO SUL,2017,1,1,10,4,0,194.8,25.37,77.69,24,10,6,2,3847.64,10,10,0.24,0
2,CRISTAL,2017,1,1,3,4,0,194.8,25.37,77.69,48,3,1,0,7056.38,3,3,0.08,0
3,CRUZEIRO,2017,1,1,4,0,0,194.8,25.37,77.69,50,4,0,1,9590.62,4,4,0.06,0
4,EIXO BALTAZAR,2017,1,1,2,1,0,194.8,25.37,77.69,42,2,2,2,8375.15,2,2,0.16,0
5,EXTREMO SUL,2017,1,1,4,1,0,194.8,25.37,77.69,14,4,6,2,300.6,4,4,0.04,0
6,GLORIA,2017,1,1,5,2,0,194.8,25.37,77.69,43,5,4,1,2324.68,5,5,0.11,0
7,HUMAITA NAVEGANTES,2017,1,1,4,5,0,194.8,25.37,77.69,41,4,2,0,2891.4,4,4,0.07,0
8,ILHAS,2017,1,1,1,0,0,194.8,25.37,77.69,0,1,0,0,188.46,1,1,0.0,0
9,LESTE,2017,1,1,8,5,0,194.8,25.37,77.69,58,8,5,3,7417.85,8,8,1.0,0
10,LOMBA DO PINHEIRO,2017,1,1,5,2,0,194.8,25.37,77.69,17,5,5,1,1230.31,5,5,0.08,0
11,NORDESTE,2017,1,1,5,2,0,194.8,25.37,77.69,10,5,3,0,5491.74,5,5,0.08,0
12,NOROESTE,2017,1,1,19,48,0,194.8,25.37,77.69,46,19,3,3,6310.17,19,19,0.23,0
13,NORTE,2017,1,1,10,7,0,194.8,25.37,77.69,21,10,4,1,3176.84,10,10,0.39,0
14,PARTENON,2017,1,1,10,5,0,194.8,25.37,77.69,44,10,8,3,8162.18,10,10,0.35,0
15,RESTINGA,2017,1,1,2,0,0,194.8,25.37,77.69,26,2,0,2,1574.92,2,2,0.05,0
16,SUL,2017,1,1,12,7,0,194.8,25.37,77.69,24,12,4,5,2802.29,12,12,0.19,0
0,CENTRO,2017,2,2,17,13,0,194.8,25.37,77.69,48,22,22,4,10646.12,22,22,0.37,0
1,CENTRO SUL,2017,2,2,4,11,0,194.8,25.37,77.69,24,10,10,6,3847.64,10,10,0.24,0
2,CRISTAL,2017,2,2,2,4,0,194.8,25.37,77.69,48,3,3,1,7056.38,3,3,0.08,0
3,CRUZEIRO,2017,2,2,1,3,0,194.8,25.37,77.69,50,4,4,0,9590.62,4,4,0.06,0
4,EIXO BALTAZAR,2017,2,2,1,2,0,194.8,25.37,77.69,42,2,2,2,8375.15,2,2,0.16,0
5,EXTREMO SUL,2017,2,2,1,4,0,194.8,25.37,77.69,14,4,4,6,300.6,4,4,0.04,0
6,GLORIA,2017,2,2,0,4,0,194.8,25.37,77.69,43,5,5,4,2324.68,5,5,0.11,0
7,HUMAITA NAVEGANTES,2017,2,2,1,4,0,194.8,25.37,77.69,41,4,4,2,2891.4,4,4,0.07,0
8,ILHAS,2017,2,2,0,0,0,194.8,25.37,77.69,0,1,1,0,188.46,1,1,0.0,0
9,LESTE,2017,2,2,4,9,0,194.8,25.37,77.69,58,8,8,5,7417.85,8,8,1.0,0
10,LOMBA DO PINHEIRO,2017,2,2,1,4,0,194.8,25.37,77.69,17,5,5,5,1230.31,5,5,0.08,0
11,NORDESTE,2017,2,2,1,3,0,194.8,25.37,77.69,10,5,5,3,5491.74,5,5,0.08,0
12,NOROESTE,2017,2,2,7,13,0,194.8,25.37,77.69,46,19,19,3,6310.17,19,19,0.23,0
13,NORTE,2017,2,2,3,11,0,194.8,25.37,77.69,21,10,10,4,3176.84,10,10,0.39,0
14,PARTENON,2017,2,2,6,9,0,194.8,25.37,77.69,44,10,10,8,8162.18,10,10,0.35,0
15,RESTINGA,2017,2,2,0,2,0,194.8,25.37,77.69,26,2,2,0,1574.92,2,2,0.05,0
16,SUL,2017,2,2,6,11,0,194.8,25.37,77.69,24,12,12,4,2802.29,12,12,0.19,0
0,CENTRO,2017,3,3,8,48,0,43.0,26.21,77.29,21,17,22,22,10646.12,17,17,0.37,0
1,CENTRO SUL,2017,3,3,6,34,0,43.0,26.21,77.29,9,4,10,10,3847.64,4,4,0.24,0
2,CRISTAL,2017,3,3,3,10,0,43.0,26.21,77.29,28,2,3,3,7056.38,2,2,0.07,0
3,CRUZEIRO,2017,3,3,0,9,0,43.0,26.21,77.29,29,1,4,4,9590.62,1,1,0.06,0
4,EIXO BALTAZAR,2017,3,3,2,13,0,43.0,26.21,77.29,15,1,2,2,8375.15,1,1,0.16,0
5,EXTREMO SUL,2017,3,3,2,4,0,43.0,26.21,77.29,6,1,4,4,300.6,1,1,0.04,0
6,GLORIA,2017,3,3,5,12,0,43.0,26.21,77.29,18,0,5,5,2324.68,0,0,0.11,0
7,HUMAITA NAVEGANTES,2017,3,3,2,6,0,43.0,26.21,77.29,24,1,4,4,2891.4,1,1,0.07,0
8,ILHAS,2017,3,3,0,0,0,43.0,26.21,77.29,0,0,1,1,188.46,0,0,0.0,0
9,LESTE,2017,3,3,3,18,0,43.0,26.21,77.29,32,4,8,8,7417.85,4,4,1.0,0
10,LOMBA DO PINHEIRO,2017,3,3,5,6,0,43.0,26.21,77.29,6,1,5,5,1230.31,1,1,0.08,0
11,NORDESTE,2017,3,3,1,7,0,43.0,26.21,77.29,5,1,5,5,5491.74,1,1,0.08,0
12,NOROESTE,2017,3,3,5,26,0,43.0,26.21,77.29,26,7,19,19,6310.17,7,7,0.23,0
13,NORTE,2017,3,3,1,9,0,43.0,26.21,77.29,8,3,10,10,3176.84,3,3,0.39,0
14,PARTENON,2017,3,3,6,33,0,43.0,26.21,77.29,23,6,10,10,8162.18,6,6,0.35,0
15,RESTINGA,2017,3,3,4,8,0,43.0,26.21,77.29,8,0,2,2,1574.92,0,0,0.04,0
16,SUL,2017,3,3,4,35,0,43.0,26.21,77.29,7,6,12,12,2802.29,6,6,0.19,0
0,CENTRO,2017,4,4,4,9,0,162.2,23.32,78.28,19,8,17,22,10646.12,8,8,0.38,0
1,CENTRO SUL,2017,4,4,2,4,0,162.2,23.32,78.28,12,6,4,10,3847.64,6,6,0.24,0
2,CRISTAL,2017,4,4,0,3,0,162.2,23.32,78.28,18,3,2,3,7056.38,3,3,0.08,0
3,CRUZEIRO,2017,4,4,1,4,0,162.2,23.32,78.28,28,0,1,4,9590.62,0,0,0.06,0
4,EIXO BALTAZAR,2017,4,4,3,3,0,162.2,23.32,78.28,10,2,1,2,8375.15,2,2,0.16,0
5,EXTREMO SUL,2017,4,4,0,2,0,162.2,23.32,78.28,8,2,1,4,300.6,2,2,0.04,0
6,GLORIA,2017,4,4,0,5,0,162.2,23.32,78.28,25,5,0,5,2324.68,5,5,0.11,0
7,HUMAITA NAVEGANTES,2017,4,4,3,2,0,162.2,23.32,78.28,13,2,1,4,2891.4,2,2,0.07,0
8,ILHAS,2017,4,4,0,0,0,162.2,23.32,78.28,0,0,0,1,188.46,0,0,0.0,0
9,LESTE,2017,4,4,8,7,0,162.2,23.32,78.28,22,3,4,8,7417.85,3,3,1.0,0
10,LOMBA DO PINHEIRO,2017,4,4,0,3,0,162.2,23.32,78.28,15,5,1,5,1230.31,5,5,0.09,0
11,NORDESTE,2017,4,4,0,1,0,162.2,23.32,78.28,5,1,1,5,5491.74,1,1,0.08,0
12,NOROESTE,2017,4,4,4,4,0,162.2,23.32,78.28,16,5,7,19,6310.17,5,5,0.23,0
13,NORTE,2017,4,4,2,4,0,162.2,23.32,78.28,7,1,3,10,3176.84,1,1,0.39,0
14,PARTENON,2017,4,4,0,7,0,162.2,23.32,78.28,21,6,6,10,8162.18,6,6,0.35,0
15,RESTINGA,2017,4,4,2,2,0,162.2,23.32,78.28,16,4,0,2,1574.92,4,4,0.05,0
16,SUL,2017,4,4,5,6,0,162.2,23.32,78.28,20,4,6,12,2802.29,4,4,0.19,0
0,CENTRO,2017,5,5,3,6,0,113.0,20.35,78.93,16,4,8,17,10646.12,4,4,0.38,0
1,CENTRO SUL,2017,5,5,0,1,0,113.0,20.35,78.93,6,2,6,4,3847.64,2,2,0.24,0
2,CRISTAL,2017,5,5,2,2,0,113.0,20.35,78.93,12,0,3,2,7056.38,0,0,0.08,0
3,CRUZEIRO,2017,5,5,0,0,0,113.0,20.35,78.93,6,1,0,1,9590.62,1,1,0.06,0
4,EIXO BALTAZAR,2017,5,5,0,2,0,113.0,20.35,78.93,14,3,2,1,8375.15,3,3,0.16,0
5,EXTREMO SUL,2017,5,5,1,1,0,113.0,20.35,78.93,7,0,2,1,300.6,0,0,0.04,0
6,GLORIA,2017,5,5,3,1,0,113.0,20.35,78.93,10,0,5,0,2324.68,0,0,0.11,0
7,HUMAITA NAVEGANTES,2017,5,5,0,2,0,113.0,20.35,78.93,8,3,2,1,2891.4,3,3,0.07,0
8,ILHAS,2017,5,5,0,0,0,113.0,20.35,78.93,0,0,0,0,188.46,0,0,0.0,0
9,LESTE,2017,5,5,3,1,0,113.0,20.35,78.93,11,8,3,4,7417.85,8,8,1.0,0
10,LOMBA DO PINHEIRO,2017,5,5,2,1,0,113.0,20.35,78.93,2,0,5,1,1230.31,0,0,0.08,0
11,NORDESTE,2017,5,5,1,1,0,113.0,20.35,78.93,11,0,1,1,5491.74,0,0,0.08,0
12,NOROESTE,2017,5,5,3,4,0,113.0,20.35,78.93,20,4,5,7,6310.17,4,4,0.23,0
13,NORTE,2017,5,5,2,2,0,113.0,20.35,78.93,7,2,1,3,3176.84,2,2,0.39,0
14,PARTENON,2017,5,5,2,3,0,113.0,20.35,78.93,13,0,6,6,8162.18,0,0,0.35,0
15,RESTINGA,2017,5,5,3,0,0,113.0,20.35,78.93,5,2,4,0,1574.92,2,2,0.04,0
16,SUL,2017,5,5,3,2,0,113.0,20.35,78.93,4,5,4,6,2802.29,5,5,0.19,0
0,CENTRO,2017,6,6,3,4,0,179.8,18.44,86.78,10,3,4,8,10646.12,3,3,0.38,0
1,CENTRO SUL,2017,6,6,3,3,0,179.8,18.44,86.78,8,0,2,6,3847.64,0,0,0.24,0
2,CRISTAL,2017,6,6,0,1,0,179.8,18.44,86.78,6,2,0,3,7056.38,2,2,0.08,0
3,CRUZEIRO,2017,6,6,0,0,0,179.8,18.44,86.78,10,0,1,0,9590.62,0,0,0.06,0
4,EIXO BALTAZAR,2017,6,6,0,1,0,179.8,18.44,86.78,9,0,3,2,8375.15,0,0,0.16,0
5,EXTREMO SUL,2017,6,6,0,1,0,179.8,18.44,86.78,6,1,0,2,300.6,1,1,0.04,0
6,GLORIA,2017,6,6,1,3,0,179.8,18.44,86.78,10,3,0,5,2324.68,3,3,0.11,0
7,HUMAITA NAVEGANTES,2017,6,6,1,1,0,179.8,18.44,86.78,6,0,3,2,2891.4,0,0,0.07,0
8,ILHAS,2017,6,6,0,0,0,179.8,18.44,86.78,0,0,0,0,188.46,0,0,0.0,0
9,LESTE,2017,6,6,1,1,0,179.8,18.44,86.78,9,3,8,3,7417.85,3,3,1.0,0
10,LOMBA DO PINHEIRO,2017,6,6,0,0,0,179.8,18.44,86.78,8,2,0,5,1230.31,2,2,0.09,0
11,NORDESTE,2017,6,6,0,1,0,179.8,18.44,86.78,3,1,0,1,5491.74,1,1,0.08,0
12,NOROESTE,2017,6,6,1,3,0,179.8,18.44,86.78,8,3,4,5,6310.17,3,3,0.23,0
13,NORTE,2017,6,6,0,2,0,179.8,18.44,86.78,3,2,2,1,3176.84,2,2,0.39,0
14,PARTENON,2017,6,6,0,5,0,179.8,18.44,86.78,11,2,0,6,8162.18,2,2,0.35,0
15,RESTINGA,2017,6,6,0,1,0,179.8,18.44,86.78,9,3,2,4,1574.92,3,3,0.05,0
16,SUL,2017,6,6,1,2,0,179.8,18.44,86.78,9,3,5,4,2802.29,3,3,0.19,0
0,CENTRO,2017,7,7,1,2,0,197.0,16.14,84.48,3,3,3,4,10646.12,3,3,0.38,0
1,CENTRO SUL,2017,7,7,2,3,0,197.0,16.14,84.48,2,3,0,2,3847.64,3,3,0.24,0
2,CRISTAL,2017,7,7,1,0,0,197.0,16.14,84.48,7,0,2,0,7056.38,0,0,0.08,0
3,CRUZEIRO,2017,7,7,0,0,0,197.0,16.14,84.48,7,0,0,1,9590.62,0,0,0.06,0
4,EIXO BALTAZAR,2017,7,7,1,0,0,197.0,16.14,84.48,2,0,0,3,8375.15,0,0,0.16,0
5,EXTREMO SUL,2017,7,7,1,0,0,197.0,16.14,84.48,1,0,1,0,300.6,0,0,0.04,0
6,GLORIA,2017,7,7,0,1,0,197.0,16.14,84.48,4,1,3,0,2324.68,1,1,0.11,0
7,HUMAITA NAVEGANTES,2017,7,7,0,1,0,197.0,16.14,84.48,4,1,0,3,2891.4,1,1,0.07,0
8,ILHAS,2017,7,7,0,0,0,197.0,16.14,84.48,0,0,0,0,188.46,0,0,0.0,0
9,LESTE,2017,7,7,0,2,0,197.0,16.14,84.48,4,1,3,8,7417.85,1,1,1.0,0
10,LOMBA DO PINHEIRO,2017,7,7,0,1,0,197.0,16.14,84.48,1,0,2,0,1230.31,0,0,0.09,0
11,NORDESTE,2017,7,7,1,0,0,197.0,16.14,84.48,1,0,1,0,5491.74,0,0,0.08,0
12,NOROESTE,2017,7,7,0,1,0,197.0,16.14,84.48,5,1,3,4,6310.17,1,1,0.23,0
13,NORTE,2017,7,7,0,1,0,197.0,16.14,84.48,1,0,2,2,3176.84,0,0,0.39,0
14,PARTENON,2017,7,7,0,0,0,197.0,16.14,84.48,5,0,2,0,8162.18,0,0,0.35,0
15,RESTINGA,2017,7,7,0,1,0,197.0,16.14,84.48,2,0,3,2,1574.92,0,0,0.05,0
16,SUL,2017,7,7,1,2,0,197.0,16.14,84.48,4,1,3,5,2802.29,1,1,0.19,0
0,CENTRO,2017,8,8,3,1,0,17.0,16.8,75.65,1,1,3,3,10646.12,1,1,0.37,0
1,CENTRO SUL,2017,8,8,0,2,0,17.0,16.8,75.65,2,2,3,0,3847.64,2,2,0.24,0
2,CRISTAL,2017,8,8,1,0,0,17.0,16.8,75.65,4,1,0,2,7056.38,1,1,0.08,0
3,CRUZEIRO,2017,8,8,1,0,0,17.0,16.8,75.65,4,0,0,0,9590.62,0,0,0.06,0
4,EIXO BALTAZAR,2017,8,8,0,0,0,17.0,16.8,75.65,1,1,0,0,8375.15,1,1,0.16,0
5,EXTREMO SUL,2017,8,8,1,0,0,17.0,16.8,75.65,1,1,0,1,300.6,1,1,0.04,0
6,GLORIA,2017,8,8,0,0,0,17.0,16.8,75.65,3,0,1,3,2324.68,0,0,0.11,0
7,HUMAITA NAVEGANTES,2017,8,8,2,0,0,17.0,16.8,75.65,1,0,1,0,2891.4,0,0,0.07,0
8,ILHAS,2017,8,8,0,0,0,17.0,16.8,75.65,0,0,0,0,188.46,0,0,0.0,0
9,LESTE,2017,8,8,0,0,0,17.0,16.8,75.65,3,0,1,3,7417.85,0,0,1.0,0
10,LOMBA DO PINHEIRO,2017,8,8,0,0,0,17.0,16.8,75.65,0,0,0,2,1230.31,0,0,0.09,0
11,NORDESTE,2017,8,8,0,0,0,17.0,16.8,75.65,1,1,0,1,5491.74,1,1,0.08,0
12,NOROESTE,2017,8,8,1,0,0,17.0,16.8,75.65,2,0,1,3,6310.17,0,0,0.23,0
13,NORTE,2017,8,8,0,0,0,17.0,16.8,75.65,1,0,0,2,3176.84,0,0,0.39,0
14,PARTENON,2017,8,8,1,0,0,17.0,16.8,75.65,1,0,0,2,8162.18,0,0,0.35,0
15,RESTINGA,2017,8,8,1,0,0,17.0,16.8,75.65,2,0,0,3,1574.92,0,0,0.05,0
16,SUL,2017,8,8,0,0,0,17.0,16.8,75.65,4,1,1,3,2802.29,1,1,0.19,0
0,CENTRO,2017,9,9,3,2,0,104.4,17.48,80.06,6,3,1,3,10646.12,3,3,0.38,0
1,CENTRO SUL,2017,9,9,1,0,0,104.4,17.48,80.06,2,0,2,3,3847.64,0,0,0.24,0
2,CRISTAL,2017,9,9,0,0,0,104.4,17.48,80.06,4,1,1,0,7056.38,1,1,0.08,0
3,CRUZEIRO,2017,9,9,0,0,0,104.4,17.48,80.06,5,1,0,0,9590.62,1,1,0.06,0
4,EIXO BALTAZAR,2017,9,9,3,0,0,104.4,17.48,80.06,1,0,1,0,8375.15,0,0,0.16,0
5,EXTREMO SUL,2017,9,9,0,1,0,104.4,17.48,80.06,1,1,1,0,300.6,1,1,0.04,0
6,GLORIA,2017,9,9,0,0,0,104.4,17.48,80.06,3,0,0,1,2324.68,0,0,0.11,0
7,HUMAITA NAVEGANTES,2017,9,9,0,0,0,104.4,17.48,80.06,4,2,0,1,2891.4,2,2,0.07,0
8,ILHAS,2017,9,9,0,0,0,104.4,17.48,80.06,0,0,0,0,188.46,0,0,0.0,0
9,LESTE,2017,9,9,1,0,0,104.4,17.48,80.06,5,0,0,1,7417.85,0,0,1.0,0
10,LOMBA DO PINHEIRO,2017,9,9,0,0,0,104.4,17.48,80.06,2,0,0,0,1230.31,0,0,0.09,0
11,NORDESTE,2017,9,9,0,0,0,104.4,17.48,80.06,0,0,1,0,5491.74,0,0,0.08,0
12,NOROESTE,2017,9,9,2,0,0,104.4,17.48,80.06,5,1,0,1,6310.17,1,1,0.23,0
13,NORTE,2017,9,9,6,0,0,104.4,17.48,80.06,1,0,0,0,3176.84,0,0,0.39,0
14,PARTENON,2017,9,9,1,0,0,104.4,17.48,80.06,4,1,0,0,8162.18,1,1,0.35,0
15,RESTINGA,2017,9,9,0,0,0,104.4,17.48,80.06,1,1,0,0,1574.92,1,1,0.05,0
16,SUL,2017,9,9,0,0,0,104.4,17.48,80.06,3,0,1,1,2802.29,0,0,0.19,0
0,CENTRO,2017,10,10,6,2,0,166.4,20.31,81.49,4,3,3,1,10646.12,3,3,0.37,0
1,CENTRO SUL,2017,10,10,0,1,0,166.4,20.31,81.49,0,1,0,2,3847.64,1,1,0.24,0
2,CRISTAL,2017,10,10,0,0,0,166.4,20.31,81.49,4,0,1,1,7056.38,0,0,0.08,0
3,CRUZEIRO,2017,10,10,0,0,0,166.4,20.31,81.49,5,0,1,0,9590.62,0,0,0.06,0
4,EIXO BALTAZAR,2017,10,10,1,1,0,166.4,20.31,81.49,9,3,0,1,8375.15,3,3,0.16,0
5,EXTREMO SUL,2017,10,10,1,0,0,166.4,20.31,81.49,0,0,1,1,300.6,0,0,0.04,0
6,GLORIA,2017,10,10,1,0,0,166.4,20.31,81.49,2,0,0,0,2324.68,0,0,0.11,0
7,HUMAITA NAVEGANTES,2017,10,10,1,1,0,166.4,20.31,81.49,5,0,2,0,2891.4,0,0,0.07,0
8,ILHAS,2017,10,10,0,0,0,166.4,20.31,81.49,0,0,0,0,188.46,0,0,0.0,0
9,LESTE,2017,10,10,0,0,0,166.4,20.31,81.49,9,1,0,0,7417.85,1,1,1.0,0
10,LOMBA DO PINHEIRO,2017,10,10,1,1,0,166.4,20.31,81.49,1,0,0,0,1230.31,0,0,0.08,0
11,NORDESTE,2017,10,10,0,0,0,166.4,20.31,81.49,4,0,0,1,5491.74,0,0,0.08,0
12,NOROESTE,2017,10,10,5,2,0,166.4,20.31,81.49,13,2,1,0,6310.17,2,2,0.23,0
13,NORTE,2017,10,10,2,7,0,166.4,20.31,81.49,5,6,0,0,3176.84,6,6,0.39,0
14,PARTENON,2017,10,10,0,1,0,166.4,20.31,81.49,4,1,1,0,8162.18,1,1,0.35,0
15,RESTINGA,2017,10,10,1,0,0,166.4,20.31,81.49,0,0,1,0,1574.92,0,0,0.05,0
16,SUL,2017,10,10,0,1,0,166.4,20.31,81.49,1,0,0,1,2802.29,0,0,0.19,0
0,CENTRO,2017,11,11,7,3,0,289.8,20.0,78.24,6,6,3,3,10646.12,6,6,0.37,0
1,CENTRO SUL,2017,11,11,2,0,0,289.8,20.0,78.24,1,0,1,0,3847.64,0,0,0.24,0
2,CRISTAL,2017,11,11,0,0,0,289.8,20.0,78.24,6,0,0,1,7056.38,0,0,0.08,0
3,CRUZEIRO,2017,11,11,0,0,0,289.8,20.0,78.24,7,0,0,1,9590.62,0,0,0.06,0
4,EIXO BALTAZAR,2017,11,11,2,1,0,289.8,20.0,78.24,7,1,3,0,8375.15,1,1,0.16,0
5,EXTREMO SUL,2017,11,11,0,1,0,289.8,20.0,78.24,1,1,0,1,300.6,1,1,0.04,0
6,GLORIA,2017,11,11,0,0,0,289.8,20.0,78.24,2,1,0,0,2324.68,1,1,0.11,0
7,HUMAITA NAVEGANTES,2017,11,11,1,1,0,289.8,20.0,78.24,11,1,0,2,2891.4,1,1,0.07,0
8,ILHAS,2017,11,11,0,0,0,289.8,20.0,78.24,0,0,0,0,188.46,0,0,0.0,0
9,LESTE,2017,11,11,5,1,0,289.8,20.0,78.24,12,0,1,0,7417.85,0,0,1.0,0
10,LOMBA DO PINHEIRO,2017,11,11,2,1,0,289.8,20.0,78.24,2,1,0,0,1230.31,1,1,0.08,0
11,NORDESTE,2017,11,11,0,0,0,289.8,20.0,78.24,1,0,0,0,5491.74,0,0,0.08,0
12,NOROESTE,2017,11,11,6,4,0,289.8,20.0,78.24,10,5,2,1,6310.17,5,5,0.23,0
13,NORTE,2017,11,11,1,3,0,289.8,20.0,78.24,6,2,6,0,3176.84,2,2,0.39,0
14,PARTENON,2017,11,11,2,1,0,289.8,20.0,78.24,8,0,1,1,8162.18,0,0,0.35,0
15,RESTINGA,2017,11,11,0,0,0,289.8,20.0,78.24,3,1,0,1,1574.92,1,1,0.05,0
16,SUL,2017,11,11,2,2,0,289.8,20.0,78.24,3,0,0,0,2802.29,0,0,0.19,0
0,CENTRO,2017,12,12,7,4,0,136.0,20.72,73.89,14,7,6,3,10646.12,7,7,0.37,0
1,CENTRO SUL,2017,12,12,3,0,0,136.0,20.72,73.89,2,2,0,1,3847.64,2,2,0.24,0
2,CRISTAL,2017,12,12,0,0,0,136.0,20.72,73.89,11,0,0,0,7056.38,0,0,0.08,0
3,CRUZEIRO,2017,12,12,0,0,0,136.0,20.72,73.89,11,0,0,0,9590.62,0,0,0.06,0
4,EIXO BALTAZAR,2017,12,12,4,2,0,136.0,20.72,73.89,12,2,1,3,8375.15,2,2,0.16,0
5,EXTREMO SUL,2017,12,12,0,0,0,136.0,20.72,73.89,2,0,1,0,300.6,0,0,0.04,0
6,GLORIA,2017,12,12,0,0,0,136.0,20.72,73.89,8,0,1,0,2324.68,0,0,0.11,0
7,HUMAITA NAVEGANTES,2017,12,12,0,1,0,136.0,20.72,73.89,13,1,1,0,2891.4,1,1,0.07,0
8,ILHAS,2017,12,12,0,0,0,136.0,20.72,73.89,0,0,0,0,188.46,0,0,0.0,0
9,LESTE,2017,12,12,4,1,0,136.0,20.72,73.89,17,5,0,1,7417.85,5,5,1.0,0
10,LOMBA DO PINHEIRO,2017,12,12,4,1,0,136.0,20.72,73.89,2,2,1,0,1230.31,2,2,0.08,0
11,NORDESTE,2017,12,12,1,1,0,136.0,20.72,73.89,7,0,0,0,5491.74,0,0,0.08,0
12,NOROESTE,2017,12,12,2,2,0,136.0,20.72,73.89,16,6,5,2,6310.17,6,6,0.23,0
13,NORTE,2017,12,12,2,3,0,136.0,20.72,73.89,8,1,2,6,3176.84,1,1,0.39,0
14,PARTENON,2017,12,12,2,2,0,136.0,20.72,73.89,14,2,0,1,8162.18,2,2,0.35,0
15,RESTINGA,2017,12,12,1,0,0,136.0,20.72,73.89,4,0,1,0,1574.92,0,0,0.05,0
16,SUL,2017,12,12,1,1,0,136.0,20.72,73.89,2,2,0,0,2802.29,2,2,0.19,0
0,CENTRO,2018,1,1,7,1,0,153.2,23.86,76.55,8,7,7,6,10646.12,7,7,0.37,0
1,CENTRO SUL,2018,1,1,3,5,0,153.2,23.86,76.55,1,3,2,0,3847.64,3,3,0.24,0
2,CRISTAL,2018,1,1,1,0,0,153.2,23.86,76.55,11,0,0,0,7056.38,0,0,0.08,0
3,CRUZEIRO,2018,1,1,1,0,0,153.2,23.86,76.55,12,0,0,0,9590.62,0,0,0.06,0
4,EIXO BALTAZAR,2018,1,1,1,1,0,153.2,23.86,76.55,9,4,2,1,8375.15,4,4,0.16,0
5,EXTREMO SUL,2018,1,1,0,0,0,153.2,23.86,76.55,2,0,0,1,300.6,0,0,0.04,0
6,GLORIA,2018,1,1,2,0,0,153.2,23.86,76.55,11,0,0,1,2324.68,0,0,0.11,0
7,HUMAITA NAVEGANTES,2018,1,1,1,0,0,153.2,23.86,76.55,9,0,1,1,2891.4,0,0,0.07,0
8,ILHAS,2018,1,1,0,0,0,153.2,23.86,76.55,0,0,0,0,188.46,0,0,0.0,0
9,LESTE,2018,1,1,2,8,0,153.2,23.86,76.55,16,4,5,0,7417.85,4,4,1.0,0
10,LOMBA DO PINHEIRO,2018,1,1,4,3,0,153.2,23.86,76.55,3,4,2,1,1230.31,4,4,0.08,0
11,NORDESTE,2018,1,1,3,0,0,153.2,23.86,76.55,8,1,0,0,5491.74,1,1,0.08,0
12,NOROESTE,2018,1,1,6,2,0,153.2,23.86,76.55,17,2,6,5,6310.17,2,2,0.23,0
13,NORTE,2018,1,1,5,4,0,153.2,23.86,76.55,6,2,1,2,3176.84,2,2,0.39,0
14,PARTENON,2018,1,1,4,2,0,153.2,23.86,76.55,15,2,2,0,8162.18,2,2,0.35,0
15,RESTINGA,2018,1,1,2,1,0,153.2,23.86,76.55,5,1,0,1,1574.92,1,1,0.05,0
16,SUL,2018,1,1,1,2,0,153.2,23.86,76.55,4,1,2,0,2802.29,1,1,0.19,0
0,CENTRO,2018,2,2,6,5,0,149.8,24.55,77.28,15,7,7,7,10646.12,7,7,0.37,0
1,CENTRO SUL,2018,2,2,2,4,0,149.8,24.55,77.28,5,3,3,2,3847.64,3,3,0.24,0
2,CRISTAL,2018,2,2,2,0,0,149.8,24.55,77.28,12,1,0,0,7056.38,1,1,0.08,0
3,CRUZEIRO,2018,2,2,1,1,0,149.8,24.55,77.28,17,1,0,0,9590.62,1,1,0.06,0
4,EIXO BALTAZAR,2018,2,2,1,2,0,149.8,24.55,77.28,16,1,4,2,8375.15,1,1,0.16,0
5,EXTREMO SUL,2018,2,2,0,0,0,149.8,24.55,77.28,3,0,0,0,300.6,0,0,0.04,0
6,GLORIA,2018,2,2,1,1,0,149.8,24.55,77.28,15,2,0,0,2324.68,2,2,0.11,0
7,HUMAITA NAVEGANTES,2018,2,2,0,1,0,149.8,24.55,77.28,13,1,0,1,2891.4,1,1,0.07,0
8,ILHAS,2018,2,2,0,0,0,149.8,24.55,77.28,0,0,0,0,188.46,0,0,0.0,0
9,LESTE,2018,2,2,3,3,0,149.8,24.55,77.28,21,2,4,5,7417.85,2,2,1.0,0
10,LOMBA DO PINHEIRO,2018,2,2,2,3,0,149.8,24.55,77.28,8,4,4,2,1230.31,4,4,0.08,0
11,NORDESTE,2018,2,2,2,7,0,149.8,24.55,77.28,3,3,1,0,5491.74,3,3,0.08,0
12,NOROESTE,2018,2,2,3,1,0,149.8,24.55,77.28,16,6,2,6,6310.17,6,6,0.23,0
13,NORTE,2018,2,2,3,6,0,149.8,24.55,77.28,7,5,2,1,3176.84,5,5,0.39,0
14,PARTENON,2018,2,2,1,4,0,149.8,24.55,77.28,16,4,2,2,8162.18,4,4,0.35,0
15,RESTINGA,2018,2,2,1,1,0,149.8,24.55,77.28,7,2,1,0,1574.92,2,2,0.05,0
16,SUL,2018,2,2,1,2,0,149.8,24.55,77.28,8,1,1,2,2802.29,1,1,0.19,0
0,CENTRO,2018,3,3,1,5,0,110.4,23.78,77.16,10,6,7,7,10646.12,6,6,0.38,0
1,CENTRO SUL,2018,3,3,2,3,0,110.4,23.78,77.16,5,2,3,3,3847.64,2,2,0.24,0
2,CRISTAL,2018,3,3,1,2,0,110.4,23.78,77.16,10,2,1,0,7056.38,2,2,0.08,0
3,CRUZEIRO,2018,3,3,0,2,0,110.4,23.78,77.16,12,1,1,0,9590.62,1,1,0.06,0
4,EIXO BALTAZAR,2018,3,3,1,2,0,110.4,23.78,77.16,11,1,1,4,8375.15,1,1,0.16,0
5,EXTREMO SUL,2018,3,3,0,0,0,110.4,23.78,77.16,2,0,0,0,300.6,0,0,0.04,0
6,GLORIA,2018,3,3,0,1,0,110.4,23.78,77.16,8,1,2,0,2324.68,1,1,0.11,0
7,HUMAITA NAVEGANTES,2018,3,3,0,2,0,110.4,23.78,77.16,9,0,1,0,2891.4,0,0,0.07,0
8,ILHAS,2018,3,3,0,0,0,110.4,23.78,77.16,0,0,0,0,188.46,0,0,0.0,0
9,LESTE,2018,3,3,0,4,0,110.4,23.78,77.16,13,3,2,4,7417.85,3,3,1.0,0
10,LOMBA DO PINHEIRO,2018,3,3,2,2,0,110.4,23.78,77.16,3,2,4,4,1230.31,2,2,0.08,0
11,NORDESTE,2018,3,3,0,3,0,110.4,23.78,77.16,4,2,3,1,5491.74,2,2,0.08,0
12,NOROESTE,2018,3,3,2,5,0,110.4,23.78,77.16,13,3,6,2,6310.17,3,3,0.23,0
13,NORTE,2018,3,3,4,5,0,110.4,23.78,77.16,4,3,5,2,3176.84,3,3,0.39,0
14,PARTENON,2018,3,3,5,5,0,110.4,23.78,77.16,13,1,4,2,8162.18,1,1,0.35,0
15,RESTINGA,2018,3,3,1,1,0,110.4,23.78,77.16,4,1,2,1,1574.92,1,1,0.05,0
16,SUL,2018,3,3,1,1,0,110.4,23.78,77.16,6,1,1,1,2802.29,1,1,0.19,0
0,CENTRO,2018,4,4,1,4,0,116.6,22.99,79.94,8,1,6,7,10646.12,1,1,0.38,0
1,CENTRO SUL,2018,4,4,0,2,0,116.6,22.99,79.94,2,2,2,3,3847.64,2,2,0.24,0
2,CRISTAL,2018,4,4,0,1,0,116.6,22.99,79.94,4,1,2,1,7056.38,1,1,0.08,0
3,CRUZEIRO,2018,4,4,0,0,0,116.6,22.99,79.94,9,0,1,1,9590.62,0,0,0.06,0
4,EIXO BALTAZAR,2018,4,4,0,1,0,116.6,22.99,79.94,6,1,1,1,8375.15,1,1,0.16,0
5,EXTREMO SUL,2018,4,4,0,0,0,116.6,22.99,79.94,2,0,0,0,300.6,0,0,0.04,0
6,GLORIA,2018,4,4,1,2,0,116.6,22.99,79.94,11,0,1,2,2324.68,0,0,0.11,0
7,HUMAITA NAVEGANTES,2018,4,4,0,1,0,116.6,22.99,79.94,3,0,0,1,2891.4,0,0,0.07,0
8,ILHAS,2018,4,4,0,0,0,116.6,22.99,79.94,0,0,0,0,188.46,0,0,0.0,0
9,LESTE,2018,4,4,0,5,0,116.6,22.99,79.94,9,0,3,2,7417.85,0,0,1.0,0
10,LOMBA DO PINHEIRO,2018,4,4,1,2,0,116.6,22.99,79.94,6,2,2,4,1230.31,2,2,0.08,0
11,NORDESTE,2018,4,4,0,1,0,116.6,22.99,79.94,1,0,2,3,5491.74,0,0,0.08,0
12,NOROESTE,2018,4,4,0,4,0,116.6,22.99,79.94,6,2,3,6,6310.17,2,2,0.23,0
13,NORTE,2018,4,4,1,7,0,116.6,22.99,79.94,3,4,3,5,3176.84,4,4,0.39,0
14,PARTENON,2018,4,4,0,3,0,116.6,22.99,79.94,3,5,1,4,8162.18,5,5,0.35,0
15,RESTINGA,2018,4,4,2,0,0,116.6,22.99,79.94,3,1,1,2,1574.92,1,1,0.05,0
16,SUL,2018,4,4,2,1,0,116.6,22.99,79.94,4,1,1,1,2802.29,1,1,0.19,0
0,CENTRO,2018,5,5,6,2,0,88.8,23.14,81.22,0,1,1,6,10646.12,1,1,0.37,0
1,CENTRO SUL,2018,5,5,0,2,0,88.8,23.14,81.22,3,0,2,2,3847.64,0,0,0.24,0
2,CRISTAL,2018,5,5,0,1,0,88.8,23.14,81.22,3,0,1,2,7056.38,0,0,0.08,0
3,CRUZEIRO,2018,5,5,0,1,0,88.8,23.14,81.22,2,0,0,1,9590.62,0,0,0.06,0
4,EIXO BALTAZAR,2018,5,5,0,2,0,88.8,23.14,81.22,1,0,1,1,8375.15,0,0,0.16,0
5,EXTREMO SUL,2018,5,5,0,1,0,88.8,23.14,81.22,4,0,0,0,300.6,0,0,0.04,0
6,GLORIA,2018,5,5,0,2,0,88.8,23.14,81.22,5,1,0,1,2324.68,1,1,0.11,0
7,HUMAITA NAVEGANTES,2018,5,5,0,3,0,88.8,23.14,81.22,1,0,0,0,2891.4,0,0,0.07,0
8,ILHAS,2018,5,5,0,0,0,88.8,23.14,81.22,0,0,0,0,188.46,0,0,0.0,0
9,LESTE,2018,5,5,2,2,0,88.8,23.14,81.22,1,0,0,3,7417.85,0,0,1.0,0
10,LOMBA DO PINHEIRO,2018,5,5,1,3,0,88.8,23.14,81.22,3,1,2,2,1230.31,1,1,0.08,0
11,NORDESTE,2018,5,5,0,1,0,88.8,23.14,81.22,0,0,0,2,5491.74,0,0,0.08,0
12,NOROESTE,2018,5,5,1,2,0,88.8,23.14,81.22,2,0,2,3,6310.17,0,0,0.23,0
13,NORTE,2018,5,5,0,4,0,88.8,23.14,81.22,0,1,4,3,3176.84,1,1,0.39,0
14,PARTENON,2018,5,5,1,6,0,88.8,23.14,81.22,3,0,5,1,8162.18,0,0,0.35,0
15,RESTINGA,2018,5,5,0,2,0,88.8,23.14,81.22,4,2,1,1,1574.92,2,2,0.05,0
16,SUL,2018,5,5,1,3,0,88.8,23.14,81.22,3,2,1,1,2802.29,2,2,0.19,0
0,CENTRO,2018,6,6,3,2,0,91.8,18.05,82.33,4,6,1,1,10646.12,6,6,0.38,0
1,CENTRO SUL,2018,6,6,0,1,0,91.8,18.05,82.33,1,0,0,2,3847.64,0,0,0.24,0
2,CRISTAL,2018,6,6,0,1,0,91.8,18.05,82.33,7,0,0,1,7056.38,0,0,0.08,0
3,CRUZEIRO,2018,6,6,0,0,0,91.8,18.05,82.33,7,0,0,0,9590.62,0,0,0.06,0
4,EIXO BALTAZAR,2018,6,6,0,0,0,91.8,18.05,82.33,3,0,0,1,8375.15,0,0,0.16,0
5,EXTREMO SUL,2018,6,6,0,0,0,91.8,18.05,82.33,1,0,0,0,300.6,0,0,0.04,0
6,GLORIA,2018,6,6,0,0,0,91.8,18.05,82.33,3,0,1,0,2324.68,0,0,0.11,0
7,HUMAITA NAVEGANTES,2018,6,6,2,1,0,91.8,18.05,82.33,7,0,0,0,2891.4,0,0,0.07,0
8,ILHAS,2018,6,6,0,0,0,91.8,18.05,82.33,0,0,0,0,188.46,0,0,0.0,0
9,LESTE,2018,6,6,2,0,0,91.8,18.05,82.33,8,2,0,0,7417.85,2,2,1.0,0
10,LOMBA DO PINHEIRO,2018,6,6,0,1,0,91.8,18.05,82.33,1,1,1,2,1230.31,1,1,0.09,0
11,NORDESTE,2018,6,6,0,0,0,91.8,18.05,82.33,2,0,0,0,5491.74,0,0,0.08,0
12,NOROESTE,2018,6,6,0,2,0,91.8,18.05,82.33,8,1,0,2,6310.17,1,1,0.23,0
13,NORTE,2018,6,6,1,2,0,91.8,18.05,82.33,1,0,1,4,3176.84,0,0,0.39,0
14,PARTENON,2018,6,6,2,1,0,91.8,18.05,82.33,9,1,0,5,8162.18,1,1,0.35,0
15,RESTINGA,2018,6,6,0,0,0,91.8,18.05,82.33,2,0,2,1,1574.92,0,0,0.05,0
16,SUL,2018,6,6,0,0,0,91.8,18.05,82.33,0,1,2,1,2802.29,1,1,0.19,0
0,CENTRO,2018,7,7,0,3,0,145.2,13.28,86.15,6,3,6,1,10646.12,3,3,0.38,0
1,CENTRO SUL,2018,7,7,0,2,0,145.2,13.28,86.15,0,0,0,0,3847.64,0,0,0.24,0
2,CRISTAL,2018,7,7,0,0,0,145.2,13.28,86.15,3,0,0,0,7056.38,0,0,0.08,0
3,CRUZEIRO,2018,7,7,0,1,0,145.2,13.28,86.15,5,0,0,0,9590.62,0,0,0.06,0
4,EIXO BALTAZAR,2018,7,7,2,1,0,145.2,13.28,86.15,3,0,0,0,8375.15,0,0,0.16,0
5,EXTREMO SUL,2018,7,7,0,1,0,145.2,13.28,86.15,0,0,0,0,300.6,0,0,0.04,0
6,GLORIA,2018,7,7,0,0,0,145.2,13.28,86.15,2,0,0,1,2324.68,0,0,0.11,0
7,HUMAITA NAVEGANTES,2018,7,7,0,0,0,145.2,13.28,86.15,3,2,0,0,2891.4,2,2,0.07,0
8,ILHAS,2018,7,7,0,0,0,145.2,13.28,86.15,0,0,0,0,188.46,0,0,0.0,0
9,LESTE,2018,7,7,1,3,0,145.2,13.28,86.15,5,2,2,0,7417.85,2,2,1.0,0
10,LOMBA DO PINHEIRO,2018,7,7,2,1,0,145.2,13.28,86.15,2,0,1,1,1230.31,0,0,0.08,0
11,NORDESTE,2018,7,7,0,1,0,145.2,13.28,86.15,2,0,0,0,5491.74,0,0,0.08,0
12,NOROESTE,2018,7,7,0,2,0,145.2,13.28,86.15,8,0,1,0,6310.17,0,0,0.23,0
13,NORTE,2018,7,7,2,2,0,145.2,13.28,86.15,0,1,0,1,3176.84,1,1,0.39,0
14,PARTENON,2018,7,7,0,2,0,145.2,13.28,86.15,5,2,1,0,8162.18,2,2,0.35,0
15,RESTINGA,2018,7,7,0,1,0,145.2,13.28,86.15,0,0,0,2,1574.92,0,0,0.05,0
16,SUL,2018,7,7,0,1,0,145.2,13.28,86.15,0,0,1,2,2802.29,0,0,0.19,0
0,CENTRO,2018,8,8,1,1,0,167.6,14.52,87.67,1,0,3,6,10646.12,0,0,0.38,0
1,CENTRO SUL,2018,8,8,0,1,0,167.6,14.52,87.67,0,0,0,0,3847.64,0,0,0.24,0
2,CRISTAL,2018,8,8,0,0,0,167.6,14.52,87.67,0,0,0,0,7056.38,0,0,0.08,0
3,CRUZEIRO,2018,8,8,0,0,0,167.6,14.52,87.67,0,0,0,0,9590.62,0,0,0.06,0
4,EIXO BALTAZAR,2018,8,8,0,0,0,167.6,14.52,87.67,3,2,0,0,8375.15,2,2,0.16,0
5,EXTREMO SUL,2018,8,8,0,0,0,167.6,14.52,87.67,0,0,0,0,300.6,0,0,0.04,0
6,GLORIA,2018,8,8,0,0,0,167.6,14.52,87.67,2,0,0,0,2324.68,0,0,0.11,0
7,HUMAITA NAVEGANTES,2018,8,8,0,0,0,167.6,14.52,87.67,0,0,2,0,2891.4,0,0,0.07,0
8,ILHAS,2018,8,8,0,0,0,167.6,14.52,87.67,0,0,0,0,188.46,0,0,0.0,0
9,LESTE,2018,8,8,2,0,0,167.6,14.52,87.67,2,1,2,2,7417.85,1,1,1.0,0
10,LOMBA DO PINHEIRO,2018,8,8,0,0,0,167.6,14.52,87.67,0,2,0,1,1230.31,2,2,0.09,0
11,NORDESTE,2018,8,8,0,0,0,167.6,14.52,87.67,3,0,0,0,5491.74,0,0,0.08,0
12,NOROESTE,2018,8,8,4,0,0,167.6,14.52,87.67,5,0,0,1,6310.17,0,0,0.23,0
13,NORTE,2018,8,8,0,0,0,167.6,14.52,87.67,2,2,1,0,3176.84,2,2,0.39,0
14,PARTENON,2018,8,8,0,0,0,167.6,14.52,87.67,3,0,2,1,8162.18,0,0,0.35,0
15,RESTINGA,2018,8,8,0,0,0,167.6,14.52,87.67,2,0,0,0,1574.92,0,0,0.05,0
16,SUL,2018,8,8,0,0,0,167.6,14.52,87.67,0,0,0,1,2802.29,0,0,0.19,0
0,CENTRO,2018,9,9,1,1,0,147.2,14.08,82.36,6,1,0,3,10646.12,1,1,0.38,0
1,CENTRO SUL,2018,9,9,2,0,0,147.2,14.08,82.36,0,0,0,0,3847.64,0,0,0.24,0
2,CRISTAL,2018,9,9,1,0,0,147.2,14.08,82.36,1,0,0,0,7056.38,0,0,0.08,0
3,CRUZEIRO,2018,9,9,0,0,0,147.2,14.08,82.36,1,0,0,0,9590.62,0,0,0.06,0
4,EIXO BALTAZAR,2018,9,9,0,1,0,147.2,14.08,82.36,6,0,2,0,8375.15,0,0,0.16,0
5,EXTREMO SUL,2018,9,9,1,0,0,147.2,14.08,82.36,0,0,0,0,300.6,0,0,0.04,0
6,GLORIA,2018,9,9,0,0,0,147.2,14.08,82.36,0,0,0,0,2324.68,0,0,0.11,0
7,HUMAITA NAVEGANTES,2018,9,9,2,0,0,147.2,14.08,82.36,5,0,0,2,2891.4,0,0,0.07,0
8,ILHAS,2018,9,9,0,0,0,147.2,14.08,82.36,0,0,0,0,188.46,0,0,0.0,0
9,LESTE,2018,9,9,0,1,0,147.2,14.08,82.36,5,2,1,2,7417.85,2,2,1.0,0
10,LOMBA DO PINHEIRO,2018,9,9,0,0,0,147.2,14.08,82.36,0,0,2,0,1230.31,0,0,0.09,0
11,NORDESTE,2018,9,9,0,0,0,147.2,14.08,82.36,2,0,0,0,5491.74,0,0,0.08,0
12,NOROESTE,2018,9,9,0,1,0,147.2,14.08,82.36,3,4,0,0,6310.17,4,4,0.23,0
13,NORTE,2018,9,9,0,1,0,147.2,14.08,82.36,4,0,2,1,3176.84,0,0,0.39,0
14,PARTENON,2018,9,9,0,0,0,147.2,14.08,82.36,3,0,0,2,8162.18,0,0,0.35,0
15,RESTINGA,2018,9,9,0,0,0,147.2,14.08,82.36,0,0,0,0,1574.92,0,0,0.05,0
16,SUL,2018,9,9,1,0,0,147.2,14.08,82.36,0,0,0,0,2802.29,0,0,0.19,0
0,CENTRO,2018,10,10,0,2,0,147.0,19.11,83.8,3,1,1,0,10646.12,1,1,0.38,0
1,CENTRO SUL,2018,10,10,0,1,0,147.0,19.11,83.8,2,2,0,0,3847.64,2,2,0.24,0
2,CRISTAL,2018,10,10,0,0,0,147.0,19.11,83.8,4,1,0,0,7056.38,1,1,0.08,0
3,CRUZEIRO,2018,10,10,1,0,0,147.0,19.11,83.8,4,0,0,0,9590.62,0,0,0.06,0
4,EIXO BALTAZAR,2018,10,10,1,0,0,147.0,19.11,83.8,0,0,0,2,8375.15,0,0,0.16,0
5,EXTREMO SUL,2018,10,10,0,1,0,147.0,19.11,83.8,1,1,0,0,300.6,1,1,0.04,0
6,GLORIA,2018,10,10,0,1,0,147.0,19.11,83.8,3,0,0,0,2324.68,0,0,0.11,0
7,HUMAITA NAVEGANTES,2018,10,10,0,1,0,147.0,19.11,83.8,1,2,0,0,2891.4,2,2,0.07,0
8,ILHAS,2018,10,10,0,0,0,147.0,19.11,83.8,0,0,0,0,188.46,0,0,0.0,0
9,LESTE,2018,10,10,3,0,0,147.0,19.11,83.8,1,0,2,1,7417.85,0,0,1.0,0
10,LOMBA DO PINHEIRO,2018,10,10,1,1,0,147.0,19.11,83.8,0,0,0,2,1230.31,0,0,0.08,0
11,NORDESTE,2018,10,10,0,0,0,147.0,19.11,83.8,0,0,0,0,5491.74,0,0,0.08,0
12,NOROESTE,2018,10,10,0,1,0,147.0,19.11,83.8,3,0,4,0,6310.17,0,0,0.23,0
13,NORTE,2018,10,10,2,1,0,147.0,19.11,83.8,0,0,0,2,3176.84,0,0,0.39,0
14,PARTENON,2018,10,10,1,0,0,147.0,19.11,83.8,1,0,0,0,8162.18,0,0,0.35,0
15,RESTINGA,2018,10,10,0,0,0,147.0,19.11,83.8,2,0,0,0,1574.92,0,0,0.05,0
16,SUL,2018,10,10,3,1,0,147.0,19.11,83.8,4,1,0,0,2802.29,1,1,0.19,0
0,CENTRO,2018,11,11,2,3,0,91.6,20.03,77.69,5,0,1,1,10646.12,0,0,0.38,0
1,CENTRO SUL,2018,11,11,0,3,0,91.6,20.03,77.69,4,0,2,0,3847.64,0,0,0.24,0
2,CRISTAL,2018,11,11,0,1,0,91.6,20.03,77.69,4,0,1,0,7056.38,0,0,0.08,0
3,CRUZEIRO,2018,11,11,0,0,0,91.6,20.03,77.69,1,1,0,0,9590.62,1,1,0.06,0
4,EIXO BALTAZAR,2018,11,11,0,1,0,91.6,20.03,77.69,5,1,0,0,8375.15,1,1,0.16,0
5,EXTREMO SUL,2018,11,11,0,1,0,91.6,20.03,77.69,3,0,1,0,300.6,0,0,0.04,0
6,GLORIA,2018,11,11,0,1,0,91.6,20.03,77.69,6,0,0,0,2324.68,0,0,0.11,0
7,HUMAITA NAVEGANTES,2018,11,11,0,2,0,91.6,20.03,77.69,0,0,2,0,2891.4,0,0,0.07,0
8,ILHAS,2018,11,11,0,0,0,91.6,20.03,77.69,0,0,0,0,188.46,0,0,0.0,0
9,LESTE,2018,11,11,2,3,0,91.6,20.03,77.69,2,3,0,2,7417.85,3,3,1.0,0
10,LOMBA DO PINHEIRO,2018,11,11,3,1,0,91.6,20.03,77.69,1,1,0,0,1230.31,1,1,0.08,0
11,NORDESTE,2018,11,11,0,1,0,91.6,20.03,77.69,4,0,0,0,5491.74,0,0,0.08,0
12,NOROESTE,2018,11,11,2,1,0,91.6,20.03,77.69,6,0,0,4,6310.17,0,0,0.23,0
13,NORTE,2018,11,11,2,3,0,91.6,20.03,77.69,1,2,0,0,3176.84,2,2,0.39,0
14,PARTENON,2018,11,11,1,2,0,91.6,20.03,77.69,5,1,0,0,8162.18,1,1,0.35,0
15,RESTINGA,2018,11,11,0,1,0,91.6,20.03,77.69,4,0,0,0,1574.92,0,0,0.05,0
16,SUL,2018,11,11,0,4,0,91.6,20.03,77.69,0,3,1,0,2802.29,3,3,0.19,0
0,CENTRO,2018,12,12,1,4,0,129.2,22.58,74.61,5,2,0,1,10646.12,2,2,0.38,0
1,CENTRO SUL,2018,12,12,0,1,0,129.2,22.58,74.61,0,0,0,2,3847.64,0,0,0.24,0
2,CRISTAL,2018,12,12,0,1,0,129.2,22.58,74.61,2,0,0,1,7056.38,0,0,0.08,0
3,CRUZEIRO,2018,12,12,0,1,0,129.2,22.58,74.61,3,0,1,0,9590.62,0,0,0.06,0
4,EIXO BALTAZAR,2018,12,12,0,2,0,129.2,22.58,74.61,6,0,1,0,8375.15,0,0,0.16,0
5,EXTREMO SUL,2018,12,12,1,0,0,129.2,22.58,74.61,0,0,0,1,300.6,0,0,0.04,0
6,GLORIA,2018,12,12,1,1,0,129.2,22.58,74.61,4,0,0,0,2324.68,0,0,0.11,0
7,HUMAITA NAVEGANTES,2018,12,12,0,1,0,129.2,22.58,74.61,4,0,0,2,2891.4,0,0,0.07,0
8,ILHAS,2018,12,12,0,0,0,129.2,22.58,74.61,0,0,0,0,188.46,0,0,0.0,0
9,LESTE,2018,12,12,0,2,0,129.2,22.58,74.61,5,2,3,0,7417.85,2,2,1.0,0
10,LOMBA DO PINHEIRO,2018,12,12,0,3,0,129.2,22.58,74.61,1,3,1,0,1230.31,3,3,0.09,0
11,NORDESTE,2018,12,12,0,1,0,129.2,22.58,74.61,2,0,0,0,5491.74,0,0,0.08,0
12,NOROESTE,2018,12,12,0,1,0,129.2,22.58,74.61,6,2,0,0,6310.17,2,2,0.23,0
13,NORTE,2018,12,12,0,3,0,129.2,22.58,74.61,2,2,2,0,3176.84,2,2,0.39,0
14,PARTENON,2018,12,12,0,3,0,129.2,22.58,74.61,7,1,1,0,8162.18,1,1,0.35,0
15,RESTINGA,2018,12,12,0,1,0,129.2,22.58,74.61,3,0,0,0,1574.92,0,0,0.05,0
16,SUL,2018,12,12,0,1,0,129.2,22.58,74.61,0,0,3,1,2802.29,0,0,0.19,0
0,CENTRO,2019,1,1,1,4,0,61.4,23.98,73.18,0,1,2,0,10646.12,1,1,0.38,0
1,CENTRO SUL,2019,1,1,0,1,0,61.4,23.98,73.18,1,0,0,0,3847.64,0,0,0.24,0
2,CRISTAL,2019,1,1,0,1,0,61.4,23.98,73.18,1,0,0,0,7056.38,0,0,0.08,0
3,CRUZEIRO,2019,1,1,1,1,0,61.4,23.98,73.18,2,0,0,1,9590.62,0,0,0.06,0
4,EIXO BALTAZAR,2019,1,1,2,1,0,61.4,23.98,73.18,0,0,0,1,8375.15,0,0,0.16,0
5,EXTREMO SUL,2019,1,1,0,1,0,61.4,23.98,73.18,0,1,0,0,300.6,1,1,0.04,0
6,GLORIA,2019,1,1,0,0,0,61.4,23.98,73.18,0,1,0,0,2324.68,1,1,0.11,0
7,HUMAITA NAVEGANTES,2019,1,1,1,1,0,61.4,23.98,73.18,1,0,0,0,2891.4,0,0,0.07,0
8,ILHAS,2019,1,1,1,0,0,61.4,23.98,73.18,0,0,0,0,188.46,0,0,0.0,0
9,LESTE,2019,1,1,0,4,0,61.4,23.98,73.18,1,0,2,3,7417.85,0,0,1.0,0
10,LOMBA DO PINHEIRO,2019,1,1,0,4,0,61.4,23.98,73.18,1,0,3,1,1230.31,0,0,0.09,0
11,NORDESTE,2019,1,1,0,1,0,61.4,23.98,73.18,0,0,0,0,5491.74,0,0,0.08,0
12,NOROESTE,2019,1,1,4,2,0,61.4,23.98,73.18,1,0,2,0,6310.17,0,0,0.23,0
13,NORTE,2019,1,1,1,3,0,61.4,23.98,73.18,0,0,2,2,3176.84,0,0,0.39,0
14,PARTENON,2019,1,1,2,6,0,61.4,23.98,73.18,2,0,1,1,8162.18,0,0,0.35,0
15,RESTINGA,2019,1,1,1,1,0,61.4,23.98,73.18,2,0,0,0,1574.92,0,0,0.05,0
16,SUL,2019,1,1,0,2,0,61.4,23.98,73.18,2,0,0,3,2802.29,0,0,0.19,0
0,CENTRO,2019,2,2,5,2,0,117.6,26.66,77.85,8,1,1,2,10646.12,1,1,0.37,0
1,CENTRO SUL,2019,2,2,2,3,0,117.6,26.66,77.85,1,0,0,0,3847.64,0,0,0.24,0
2,CRISTAL,2019,2,2,0,1,0,117.6,26.66,77.85,2,0,0,0,7056.38,0,0,0.08,0
3,CRUZEIRO,2019,2,2,0,2,0,117.6,26.66,77.85,3,1,0,0,9590.62,1,1,0.06,0
4,EIXO BALTAZAR,2019,2,2,0,2,0,117.6,26.66,77.85,5,2,0,0,8375.15,2,2,0.16,0
5,EXTREMO SUL,2019,2,2,0,0,0,117.6,26.66,77.85,1,0,1,0,300.6,0,0,0.04,0
6,GLORIA,2019,2,2,0,2,0,117.6,26.66,77.85,4,0,1,0,2324.68,0,0,0.11,0
7,HUMAITA NAVEGANTES,2019,2,2,1,1,0,117.6,26.66,77.85,5,1,0,0,2891.4,1,1,0.07,0
8,ILHAS,2019,2,2,0,1,0,117.6,26.66,77.85,0,1,0,0,188.46,1,1,0.0,0
9,LESTE,2019,2,2,2,9,0,117.6,26.66,77.85,9,0,0,2,7417.85,0,0,1.0,0
10,LOMBA DO PINHEIRO,2019,2,2,0,3,0,117.6,26.66,77.85,3,0,0,3,1230.31,0,0,0.09,0
11,NORDESTE,2019,2,2,1,1,0,117.6,26.66,77.85,2,0,0,0,5491.74,0,0,0.08,0
12,NOROESTE,2019,2,2,3,4,0,117.6,26.66,77.85,5,4,0,2,6310.17,4,4,0.23,0
13,NORTE,2019,2,2,3,0,0,117.6,26.66,77.85,6,1,0,2,3176.84,1,1,0.39,0
14,PARTENON,2019,2,2,2,4,0,117.6,26.66,77.85,2,2,0,1,8162.18,2,2,0.35,0
15,RESTINGA,2019,2,2,1,1,0,117.6,26.66,77.85,0,1,0,0,1574.92,1,1,0.05,0
16,SUL,2019,2,2,2,1,0,117.6,26.66,77.85,1,0,0,0,2802.29,0,0,0.19,0
0,CENTRO,2019,3,3,6,2,0,95.8,24.58,76.44,8,5,1,1,10646.12,5,5,0.37,0
1,CENTRO SUL,2019,3,3,0,1,0,95.8,24.58,76.44,2,2,0,0,3847.64,2,2,0.24,0
2,CRISTAL,2019,3,3,0,0,0,95.8,24.58,76.44,9,0,0,0,7056.38,0,0,0.08,0
3,CRUZEIRO,2019,3,3,0,0,0,95.8,24.58,76.44,9,0,1,0,9590.62,0,0,0.06,0
4,EIXO BALTAZAR,2019,3,3,3,0,0,95.8,24.58,76.44,9,0,2,0,8375.15,0,0,0.16,0
5,EXTREMO SUL,2019,3,3,1,0,0,95.8,24.58,76.44,3,0,0,1,300.6,0,0,0.04,0
6,GLORIA,2019,3,3,0,1,0,95.8,24.58,76.44,7,0,0,1,2324.68,0,0,0.11,0
7,HUMAITA NAVEGANTES,2019,3,3,1,1,0,95.8,24.58,76.44,8,1,1,0,2891.4,1,1,0.07,0
8,ILHAS,2019,3,3,0,0,0,95.8,24.58,76.44,0,0,1,0,188.46,0,0,0.0,0
9,LESTE,2019,3,3,2,1,0,95.8,24.58,76.44,11,2,0,0,7417.85,2,2,1.0,0
10,LOMBA DO PINHEIRO,2019,3,3,2,1,0,95.8,24.58,76.44,3,0,0,0,1230.31,0,0,0.08,0
11,NORDESTE,2019,3,3,2,1,0,95.8,24.58,76.44,2,1,0,0,5491.74,1,1,0.08,0
12,NOROESTE,2019,3,3,2,2,0,95.8,24.58,76.44,11,3,4,0,6310.17,3,3,0.23,0
13,NORTE,2019,3,3,57,1,0,95.8,24.58,76.44,3,3,1,0,3176.84,3,3,0.37,0
14,PARTENON,2019,3,3,9,3,0,95.8,24.58,76.44,7,2,2,0,8162.18,2,2,0.35,0
15,RESTINGA,2019,3,3,0,1,0,95.8,24.58,76.44,2,1,1,0,1574.92,1,1,0.05,0
16,SUL,2019,3,3,1,1,0,95.8,24.58,76.44,3,2,0,0,2802.29,2,2,0.19,0
0,CENTRO,2019,4,4,14,4,0,80.2,22.99,78.65,14,6,5,1,10646.12,6,6,0.37,0
1,CENTRO SUL,2019,4,4,3,1,0,80.2,22.99,78.65,1,0,2,0,3847.64,0,0,0.24,0
2,CRISTAL,2019,4,4,0,0,0,80.2,22.99,78.65,7,0,0,0,7056.38,0,0,0.08,0
3,CRUZEIRO,2019,4,4,1,1,0,80.2,22.99,78.65,15,0,0,1,9590.62,0,0,0.06,0
4,EIXO BALTAZAR,2019,4,4,18,7,0,80.2,22.99,78.65,63,3,0,2,8375.15,3,3,0.16,0
5,EXTREMO SUL,2019,4,4,2,1,0,80.2,22.99,78.65,1,1,0,0,300.6,1,1,0.04,0
6,GLORIA,2019,4,4,5,2,0,80.2,22.99,78.65,12,0,0,0,2324.68,0,0,0.11,0
7,HUMAITA NAVEGANTES,2019,4,4,6,2,0,80.2,22.99,78.65,8,1,1,1,2891.4,1,1,0.07,0
8,ILHAS,2019,4,4,0,0,0,80.2,22.99,78.65,0,0,0,1,188.46,0,0,0.0,0
9,LESTE,2019,4,4,10,3,0,80.2,22.99,78.65,22,2,2,0,7417.85,2,2,1.0,0
10,LOMBA DO PINHEIRO,2019,4,4,7,1,0,80.2,22.99,78.65,9,2,0,0,1230.31,2,2,0.08,0
11,NORDESTE,2019,4,4,5,1,0,80.2,22.99,78.65,5,2,1,0,5491.74,2,2,0.08,0
12,NOROESTE,2019,4,4,33,4,0,80.2,22.99,78.65,69,2,3,4,6310.17,2,2,0.22,0
13,NORTE,2019,4,4,186,49,0,80.2,22.99,78.65,5,57,3,1,3176.84,57,57,0.32,0
14,PARTENON,2019,4,4,5,0,0,80.2,22.99,78.65,10,9,2,2,8162.18,9,9,0.35,0
15,RESTINGA,2019,4,4,2,2,0,80.2,22.99,78.65,4,0,1,1,1574.92,0,0,0.05,0
16,SUL,2019,4,4,4,1,0,80.2,22.99,78.65,1,1,2,0,2802.29,1,1,0.19,0
0,CENTRO,2019,5,5,18,17,0,238.0,21.8,85.52,55,14,6,5,10646.12,14,14,0.37,0
1,CENTRO SUL,2019,5,5,12,3,0,238.0,21.8,85.52,10,3,0,2,3847.64,3,3,0.24,0
2,CRISTAL,2019,5,5,1,1,0,238.0,21.8,85.52,22,0,0,0,7056.38,0,0,0.08,0
3,CRUZEIRO,2019,5,5,4,1,0,238.0,21.8,85.52,27,1,0,0,9590.62,1,1,0.06,0
4,EIXO BALTAZAR,2019,5,5,36,47,0,238.0,21.8,85.52,234,18,3,0,8375.15,18,18,0.15,0
5,EXTREMO SUL,2019,5,5,0,2,0,238.0,21.8,85.52,6,2,1,0,300.6,2,2,0.04,0
6,GLORIA,2019,5,5,5,1,0,238.0,21.8,85.52,22,5,0,0,2324.68,5,5,0.11,0
7,HUMAITA NAVEGANTES,2019,5,5,3,3,0,238.0,21.8,85.52,47,6,1,1,2891.4,6,6,0.07,0
8,ILHAS,2019,5,5,0,0,0,238.0,21.8,85.52,0,0,0,0,188.46,0,0,0.0,0
9,LESTE,2019,5,5,18,23,0,238.0,21.8,85.52,75,10,2,2,7417.85,10,10,1.0,0
10,LOMBA DO PINHEIRO,2019,5,5,8,3,0,238.0,21.8,85.52,12,7,2,0,1230.31,7,7,0.08,0
11,NORDESTE,2019,5,5,12,2,0,238.0,21.8,85.52,28,5,2,1,5491.74,5,5,0.08,0
12,NOROESTE,2019,5,5,30,77,0,238.0,21.8,85.52,234,33,2,3,6310.17,33,33,0.22,0
13,NORTE,2019,5,5,269,102,0,238.0,21.8,85.52,51,186,57,3,3176.84,186,186,0.28,0
14,PARTENON,2019,5,5,15,3,0,238.0,21.8,85.52,37,5,9,2,8162.18,5,5,0.35,0
15,RESTINGA,2019,5,5,0,2,0,238.0,21.8,85.52,18,2,0,1,1574.92,2,2,0.05,0
16,SUL,2019,5,5,8,4,0,238.0,21.8,85.52,12,4,1,2,2802.29,4,4,0.19,0
0,CENTRO,2019,6,6,18,12,0,250.6,19.06,90.15,71,18,14,6,10646.12,18,18,0.37,0
1,CENTRO SUL,2019,6,6,5,15,0,250.6,19.06,90.15,18,12,3,0,3847.64,12,12,0.25,0
2,CRISTAL,2019,6,6,0,3,0,250.6,19.06,90.15,42,1,0,0,7056.38,1,1,0.08,0
3,CRUZEIRO,2019,6,6,0,7,0,250.6,19.06,90.15,51,4,1,0,9590.62,4,4,0.07,0
4,EIXO BALTAZAR,2019,6,6,16,22,0,250.6,19.06,90.15,329,36,18,3,8375.15,36,36,0.16,0
5,EXTREMO SUL,2019,6,6,2,2,0,250.6,19.06,90.15,8,0,2,1,300.6,0,0,0.04,0
6,GLORIA,2019,6,6,1,9,0,250.6,19.06,90.15,47,5,5,0,2324.68,5,5,0.11,0
7,HUMAITA NAVEGANTES,2019,6,6,4,5,0,250.6,19.06,90.15,48,3,6,1,2891.4,3,3,0.07,0
8,ILHAS,2019,6,6,0,0,0,250.6,19.06,90.15,0,0,0,0,188.46,0,0,0.0,0
9,LESTE,2019,6,6,37,71,0,250.6,19.06,90.15,111,18,10,2,7417.85,18,18,1.0,0
10,LOMBA DO PINHEIRO,2019,6,6,1,9,0,250.6,19.06,90.15,20,8,7,2,1230.31,8,8,0.09,0
11,NORDESTE,2019,6,6,6,14,0,250.6,19.06,90.15,54,12,5,2,5491.74,12,12,0.08,0
12,NOROESTE,2019,6,6,18,29,0,250.6,19.06,90.15,344,30,33,2,6310.17,30,30,0.23,0
13,NORTE,2019,6,6,82,114,0,250.6,19.06,90.15,66,269,186,57,3176.84,269,269,0.36,0
14,PARTENON,2019,6,6,9,11,0,250.6,19.06,90.15,53,15,5,9,8162.18,15,15,0.35,0
15,RESTINGA,2019,6,6,2,2,0,250.6,19.06,90.15,21,0,2,0,1574.92,0,0,0.05,0
16,SUL,2019,6,6,5,10,0,250.6,19.06,90.15,18,8,4,1,2802.29,8,8,0.19,0
0,CENTRO,2019,7,7,4,29,0,67.8,18.47,79.23,68,18,18,14,10646.12,18,18,0.38,0
1,CENTRO SUL,2019,7,7,1,7,0,67.8,18.47,79.23,6,5,12,3,3847.64,5,5,0.24,0
2,CRISTAL,2019,7,7,1,4,0,67.8,18.47,79.23,28,0,1,0,7056.38,0,0,0.08,0
3,CRUZEIRO,2019,7,7,1,7,0,67.8,18.47,79.23,33,0,4,1,9590.62,0,0,0.06,0
4,EIXO BALTAZAR,2019,7,7,3,24,0,67.8,18.47,79.23,143,16,36,18,8375.15,16,16,0.16,0
5,EXTREMO SUL,2019,7,7,1,4,0,67.8,18.47,79.23,7,2,0,2,300.6,2,2,0.04,0
6,GLORIA,2019,7,7,3,7,0,67.8,18.47,79.23,22,1,5,5,2324.68,1,1,0.11,0
7,HUMAITA NAVEGANTES,2019,7,7,0,9,0,67.8,18.47,79.23,36,4,3,6,2891.4,4,4,0.07,0
8,ILHAS,2019,7,7,0,0,0,67.8,18.47,79.23,0,0,0,0,188.46,0,0,0.0,0
9,LESTE,2019,7,7,12,67,0,67.8,18.47,79.23,67,37,18,10,7417.85,37,37,1.0,0
10,LOMBA DO PINHEIRO,2019,7,7,1,7,0,67.8,18.47,79.23,12,1,8,7,1230.31,1,1,0.09,0
11,NORDESTE,2019,7,7,3,10,0,67.8,18.47,79.23,53,6,12,5,5491.74,6,6,0.08,0
12,NOROESTE,2019,7,7,5,33,0,67.8,18.47,79.23,157,18,30,33,6310.17,18,18,0.23,0
13,NORTE,2019,7,7,19,42,0,67.8,18.47,79.23,34,82,269,186,3176.84,82,82,0.38,0
14,PARTENON,2019,7,7,4,14,0,67.8,18.47,79.23,57,9,15,5,8162.18,9,9,0.35,0
15,RESTINGA,2019,7,7,0,2,0,67.8,18.47,79.23,9,2,0,2,1574.92,2,2,0.05,0
16,SUL,2019,7,7,1,7,0,67.8,18.47,79.23,10,5,8,4,2802.29,5,5,0.19,0
0,CENTRO,2019,8,8,3,3,0,134.2,13.65,80.61,23,4,18,18,10646.12,4,4,0.38,0
1,CENTRO SUL,2019,8,8,3,1,0,134.2,13.65,80.61,6,1,5,12,3847.64,1,1,0.24,0
2,CRISTAL,2019,8,8,0,1,0,134.2,13.65,80.61,7,1,0,1,7056.38,1,1,0.08,0
3,CRUZEIRO,2019,8,8,1,0,0,134.2,13.65,80.61,13,1,0,4,9590.62,1,1,0.06,0
4,EIXO BALTAZAR,2019,8,8,1,2,0,134.2,13.65,80.61,39,3,16,36,8375.15,3,3,0.16,0
5,EXTREMO SUL,2019,8,8,0,1,0,134.2,13.65,80.61,1,1,2,0,300.6,1,1,0.04,0
6,GLORIA,2019,8,8,0,0,0,134.2,13.65,80.61,8,3,1,5,2324.68,3,3,0.11,0
7,HUMAITA NAVEGANTES,2019,8,8,0,1,0,134.2,13.65,80.61,9,0,4,3,2891.4,0,0,0.07,0
8,ILHAS,2019,8,8,0,0,0,134.2,13.65,80.61,0,0,0,0,188.46,0,0,0.0,0
9,LESTE,2019,8,8,4,19,0,134.2,13.65,80.61,19,12,37,18,7417.85,12,12,1.0,0
10,LOMBA DO PINHEIRO,2019,8,8,0,1,0,134.2,13.65,80.61,7,1,1,8,1230.31,1,1,0.09,0
11,NORDESTE,2019,8,8,2,1,0,134.2,13.65,80.61,15,3,6,12,5491.74,3,3,0.08,0
12,NOROESTE,2019,8,8,4,3,0,134.2,13.65,80.61,38,5,18,30,6310.17,5,5,0.23,0
13,NORTE,2019,8,8,6,6,0,134.2,13.65,80.61,8,19,82,269,3176.84,19,19,0.39,0
14,PARTENON,2019,8,8,4,1,0,134.2,13.65,80.61,21,4,9,15,8162.18,4,4,0.35,0
15,RESTINGA,2019,8,8,0,1,0,134.2,13.65,80.61,6,0,2,0,1574.92,0,0,0.05,0
16,SUL,2019,8,8,0,2,0,134.2,13.65,80.61,6,1,5,8,2802.29,1,1,0.19,0
0,CENTRO,2019,9,9,4,9,0,79.4,15.57,74.54,13,3,4,18,10646.12,3,3,0.38,0
1,CENTRO SUL,2019,9,9,1,2,0,79.4,15.57,74.54,1,3,1,5,3847.64,3,3,0.24,0
2,CRISTAL,2019,9,9,0,3,0,79.4,15.57,74.54,7,0,1,0,7056.38,0,0,0.08,0
3,CRUZEIRO,2019,9,9,0,2,0,79.4,15.57,74.54,10,1,1,0,9590.62,1,1,0.06,0
4,EIXO BALTAZAR,2019,9,9,2,6,0,79.4,15.57,74.54,16,1,3,16,8375.15,1,1,0.16,0
5,EXTREMO SUL,2019,9,9,0,3,0,79.4,15.57,74.54,0,0,1,2,300.6,0,0,0.04,0
6,GLORIA,2019,9,9,1,7,0,79.4,15.57,74.54,8,0,3,1,2324.68,0,0,0.11,0
7,HUMAITA NAVEGANTES,2019,9,9,0,3,0,79.4,15.57,74.54,7,0,0,4,2891.4,0,0,0.07,0
8,ILHAS,2019,9,9,1,0,0,79.4,15.57,74.54,0,0,0,0,188.46,0,0,0.0,0
9,LESTE,2019,9,9,3,7,0,79.4,15.57,74.54,14,4,12,37,7417.85,4,4,1.0,0
10,LOMBA DO PINHEIRO,2019,9,9,0,4,0,79.4,15.57,74.54,4,0,1,1,1230.31,0,0,0.09,0
11,NORDESTE,2019,9,9,1,5,0,79.4,15.57,74.54,5,2,3,6,5491.74,2,2,0.08,0
12,NOROESTE,2019,9,9,1,8,0,79.4,15.57,74.54,14,4,5,18,6310.17,4,4,0.23,0
13,NORTE,2019,9,9,2,8,0,79.4,15.57,74.54,5,6,19,82,3176.84,6,6,0.39,0
14,PARTENON,2019,9,9,1,7,0,79.4,15.57,74.54,8,4,4,9,8162.18,4,4,0.35,0
15,RESTINGA,2019,9,9,0,0,0,79.4,15.57,74.54,0,0,0,2,1574.92,0,0,0.05,0
16,SUL,2019,9,9,2,5,0,79.4,15.57,74.54,3,0,1,5,2802.29,0,0,0.19,0
0,CENTRO,2019,10,10,3,4,0,90.8,16.91,76.06,5,4,3,4,10646.12,4,4,0.38,0
1,CENTRO SUL,2019,10,10,1,1,0,90.8,16.91,76.06,3,1,3,1,3847.64,1,1,0.24,0
2,CRISTAL,2019,10,10,2,1,0,90.8,16.91,76.06,7,0,0,1,7056.38,0,0,0.08,0
3,CRUZEIRO,2019,10,10,0,1,0,90.8,16.91,76.06,7,0,1,1,9590.62,0,0,0.06,0
4,EIXO BALTAZAR,2019,10,10,1,2,0,90.8,16.91,76.06,7,2,1,3,8375.15,2,2,0.16,0
5,EXTREMO SUL,2019,10,10,0,0,0,90.8,16.91,76.06,2,0,0,1,300.6,0,0,0.04,0
6,GLORIA,2019,10,10,1,1,0,90.8,16.91,76.06,4,1,0,3,2324.68,1,1,0.11,0
7,HUMAITA NAVEGANTES,2019,10,10,1,1,0,90.8,16.91,76.06,5,0,0,0,2891.4,0,0,0.07,0
8,ILHAS,2019,10,10,0,0,0,90.8,16.91,76.06,0,1,0,0,188.46,1,1,0.0,0
9,LESTE,2019,10,10,1,3,0,90.8,16.91,76.06,9,3,4,12,7417.85,3,3,1.0,0
10,LOMBA DO PINHEIRO,2019,10,10,0,0,0,90.8,16.91,76.06,2,0,0,1,1230.31,0,0,0.09,0
11,NORDESTE,2019,10,10,0,1,0,90.8,16.91,76.06,5,1,2,3,5491.74,1,1,0.08,0
12,NOROESTE,2019,10,10,2,1,0,90.8,16.91,76.06,11,1,4,5,6310.17,1,1,0.23,0
13,NORTE,2019,10,10,4,3,0,90.8,16.91,76.06,3,2,6,19,3176.84,2,2,0.39,0
14,PARTENON,2019,10,10,0,2,0,90.8,16.91,76.06,8,1,4,4,8162.18,1,1,0.35,0
15,RESTINGA,2019,10,10,0,0,0,90.8,16.91,76.06,3,0,0,0,1574.92,0,0,0.05,0
16,SUL,2019,10,10,1,1,0,90.8,16.91,76.06,2,2,0,1,2802.29,2,2,0.19,0
0,CENTRO,2019,11,11,4,7,0,277.0,20.59,78.76,6,3,4,3,10646.12,3,3,0.37,0
1,CENTRO SUL,2019,11,11,1,3,0,277.0,20.59,78.76,4,1,1,3,3847.64,1,1,0.24,0
2,CRISTAL,2019,11,11,1,2,0,277.0,20.59,78.76,5,2,0,0,7056.38,2,2,0.08,0
3,CRUZEIRO,2019,11,11,1,0,0,277.0,20.59,78.76,7,0,0,1,9590.62,0,0,0.06,0
4,EIXO BALTAZAR,2019,11,11,0,2,0,277.0,20.59,78.76,7,1,2,1,8375.15,1,1,0.16,0
5,EXTREMO SUL,2019,11,11,1,0,0,277.0,20.59,78.76,1,0,0,0,300.6,0,0,0.04,0
6,GLORIA,2019,11,11,0,2,0,277.0,20.59,78.76,2,1,1,0,2324.68,1,1,0.11,0
7,HUMAITA NAVEGANTES,2019,11,11,0,1,0,277.0,20.59,78.76,5,1,0,0,2891.4,1,1,0.07,0
8,ILHAS,2019,11,11,0,1,0,277.0,20.59,78.76,0,0,1,0,188.46,0,0,0.0,0
9,LESTE,2019,11,11,1,4,0,277.0,20.59,78.76,6,1,3,4,7417.85,1,1,1.0,0
10,LOMBA DO PINHEIRO,2019,11,11,1,1,0,277.0,20.59,78.76,1,0,0,0,1230.31,0,0,0.08,0
11,NORDESTE,2019,11,11,0,2,0,277.0,20.59,78.76,2,0,1,2,5491.74,0,0,0.08,0
12,NOROESTE,2019,11,11,3,4,0,277.0,20.59,78.76,10,2,1,4,6310.17,2,2,0.23,0
13,NORTE,2019,11,11,7,5,0,277.0,20.59,78.76,3,4,2,6,3176.84,4,4,0.39,0
14,PARTENON,2019,11,11,0,3,0,277.0,20.59,78.76,5,0,1,4,8162.18,0,0,0.35,0
15,RESTINGA,2019,11,11,0,1,0,277.0,20.59,78.76,2,0,0,0,1574.92,0,0,0.05,0
16,SUL,2019,11,11,4,2,0,277.0,20.59,78.76,4,1,2,0,2802.29,1,1,0.19,0
0,CENTRO,2019,12,12,6,4,0,91.2,22.24,73.57,6,4,3,4,10646.12,4,4,0.37,0
1,CENTRO SUL,2019,12,12,0,1,0,91.2,22.24,73.57,6,1,1,1,3847.64,1,1,0.24,0
2,CRISTAL,2019,12,12,0,1,0,91.2,22.24,73.57,10,1,2,0,7056.38,1,1,0.08,0
3,CRUZEIRO,2019,12,12,3,1,0,91.2,22.24,73.57,6,1,0,0,9590.62,1,1,0.06,0
4,EIXO BALTAZAR,2019,12,12,0,2,0,91.2,22.24,73.57,11,0,1,2,8375.15,0,0,0.16,0
5,EXTREMO SUL,2019,12,12,0,2,0,91.2,22.24,73.57,4,1,0,0,300.6,1,1,0.04,0
6,GLORIA,2019,12,12,1,1,0,91.2,22.24,73.57,7,0,1,1,2324.68,0,0,0.11,0
7,HUMAITA NAVEGANTES,2019,12,12,0,1,0,91.2,22.24,73.57,7,0,1,0,2891.4,0,0,0.07,0
8,ILHAS,2019,12,12,0,0,0,91.2,22.24,73.57,0,0,0,1,188.46,0,0,0.0,0
9,LESTE,2019,12,12,5,2,0,91.2,22.24,73.57,7,1,1,3,7417.85,1,1,1.0,0
10,LOMBA DO PINHEIRO,2019,12,12,0,2,0,91.2,22.24,73.57,0,1,0,0,1230.31,1,1,0.09,0
11,NORDESTE,2019,12,12,2,1,0,91.2,22.24,73.57,1,0,0,1,5491.74,0,0,0.08,0
12,NOROESTE,2019,12,12,3,2,0,91.2,22.24,73.57,12,3,2,1,6310.17,3,3,0.23,0
13,NORTE,2019,12,12,3,7,0,91.2,22.24,73.57,3,7,4,2,3176.84,7,7,0.39,0
14,PARTENON,2019,12,12,3,1,0,91.2,22.24,73.57,7,0,0,1,8162.18,0,0,0.35,0
15,RESTINGA,2019,12,12,1,1,0,91.2,22.24,73.57,6,0,0,0,1574.92,0,0,0.05,0
16,SUL,2019,12,12,1,2,0,91.2,22.24,73.57,3,4,1,2,2802.29,4,4,0.19,0
0,CENTRO,2020,1,1,17,51,0,19.2,24.81,61.11,14,6,4,3,10646.12,6,6,0.37,0
1,CENTRO SUL,2020,1,1,1,45,0,19.2,24.81,61.11,5,0,1,1,3847.64,0,0,0.24,0
2,CRISTAL,2020,1,1,2,12,0,19.2,24.81,61.11,10,0,1,2,7056.38,0,0,0.08,0
3,CRUZEIRO,2020,1,1,0,26,0,19.2,24.81,61.11,10,3,1,0,9590.62,3,3,0.06,0
4,EIXO BALTAZAR,2020,1,1,1,20,0,19.2,24.81,61.11,13,0,0,1,8375.15,0,0,0.16,0
5,EXTREMO SUL,2020,1,1,0,11,0,19.2,24.81,61.11,2,0,1,0,300.6,0,0,0.04,0
6,GLORIA,2020,1,1,1,21,0,19.2,24.81,61.11,8,1,0,1,2324.68,1,1,0.11,0
7,HUMAITA NAVEGANTES,2020,1,1,1,12,0,19.2,24.81,61.11,9,0,0,1,2891.4,0,0,0.07,0
8,ILHAS,2020,1,1,0,5,0,19.2,24.81,61.11,0,0,0,0,188.46,0,0,0.0,0
9,LESTE,2020,1,1,1,62,0,19.2,24.81,61.11,14,5,1,1,7417.85,5,5,1.0,0
10,LOMBA DO PINHEIRO,2020,1,1,2,11,0,19.2,24.81,61.11,5,0,1,0,1230.31,0,0,0.08,0
11,NORDESTE,2020,1,1,2,13,0,19.2,24.81,61.11,5,2,0,0,5491.74,2,2,0.08,0
12,NOROESTE,2020,1,1,4,44,0,19.2,24.81,61.11,14,3,3,2,6310.17,3,3,0.23,0
13,NORTE,2020,1,1,7,0,0,19.2,24.81,61.11,3,3,7,4,3176.84,3,3,0.39,0
14,PARTENON,2020,1,1,6,54,0,19.2,24.81,61.11,15,3,0,0,8162.18,3,3,0.35,0
15,RESTINGA,2020,1,1,0,15,0,19.2,24.81,61.11,2,1,0,0,1574.92,1,1,0.05,0
16,SUL,2020,1,1,0,30,0,19.2,24.81,61.11,2,1,4,1,2802.29,1,1,0.19,0
0,CENTRO,2020,2,2,7,382,0,81.6,25.32,70.41,14,17,6,4,10646.12,17,17,0.37,0
1,CENTRO SUL,2020,2,2,4,20,0,81.6,25.32,70.41,3,1,0,1,3847.64,1,1,0.24,0
2,CRISTAL,2020,2,2,1,5,0,81.6,25.32,70.41,18,2,0,1,7056.38,2,2,0.08,0
3,CRUZEIRO,2020,2,2,1,14,0,81.6,25.32,70.41,27,0,3,1,9590.62,0,0,0.06,0
4,EIXO BALTAZAR,2020,2,2,5,9,0,81.6,25.32,70.41,14,1,0,0,8375.15,1,1,0.16,0
5,EXTREMO SUL,2020,2,2,1,0,0,81.6,25.32,70.41,0,0,0,1,300.6,0,0,0.04,0
6,GLORIA,2020,2,2,0,8,0,81.6,25.32,70.41,9,1,1,0,2324.68,1,1,0.11,0
7,HUMAITA NAVEGANTES,2020,2,2,2,2,0,81.6,25.32,70.41,21,1,0,0,2891.4,1,1,0.07,0
8,ILHAS,2020,2,2,0,0,0,81.6,25.32,70.41,0,0,0,0,188.46,0,0,0.0,0
9,LESTE,2020,2,2,4,24,0,81.6,25.32,70.41,30,1,5,1,7417.85,1,1,1.0,0
10,LOMBA DO PINHEIRO,2020,2,2,1,2,0,81.6,25.32,70.41,7,2,0,1,1230.31,2,2,0.08,0
11,NORDESTE,2020,2,2,2,5,0,81.6,25.32,70.41,2,2,2,0,5491.74,2,2,0.08,0
12,NOROESTE,2020,2,2,7,25,0,81.6,25.32,70.41,27,4,3,3,6310.17,4,4,0.23,0
13,NORTE,2020,2,2,5,12,0,81.6,25.32,70.41,5,7,3,7,3176.84,7,7,0.39,0
14,PARTENON,2020,2,2,3,22,0,81.6,25.32,70.41,21,6,3,0,8162.18,6,6,0.35,0
15,RESTINGA,2020,2,2,0,3,0,81.6,25.32,70.41,3,0,1,0,1574.92,0,0,0.05,0
16,SUL,2020,2,2,4,17,0,81.6,25.32,70.41,4,0,1,4,2802.29,0,0,0.19,0
0,CENTRO,2020,3,3,7,1,0,83.0,24.81,68.1,18,7,17,6,10646.12,7,7,0.37,0
1,CENTRO SUL,2020,3,3,2,15,0,83.0,24.81,68.1,6,4,1,0,3847.64,4,4,0.24,0
2,CRISTAL,2020,3,3,1,2,0,83.0,24.81,68.1,16,1,2,0,7056.38,1,1,0.08,0
3,CRUZEIRO,2020,3,3,0,3,0,83.0,24.81,68.1,15,1,0,3,9590.62,1,1,0.06,0
4,EIXO BALTAZAR,2020,3,3,0,1,0,83.0,24.81,68.1,18,5,1,0,8375.15,5,5,0.16,0
5,EXTREMO SUL,2020,3,3,0,1,0,83.0,24.81,68.1,4,1,0,0,300.6,1,1,0.04,0
6,GLORIA,2020,3,3,0,2,0,83.0,24.81,68.1,13,0,1,1,2324.68,0,0,0.11,0
7,HUMAITA NAVEGANTES,2020,3,3,1,2,0,83.0,24.81,68.1,14,2,1,0,2891.4,2,2,0.07,0
8,ILHAS,2020,3,3,0,1,0,83.0,24.81,68.1,0,0,0,0,188.46,0,0,0.0,0
9,LESTE,2020,3,3,2,13,0,83.0,24.81,68.1,24,4,1,5,7417.85,4,4,1.0,0
10,LOMBA DO PINHEIRO,2020,3,3,0,2,0,83.0,24.81,68.1,3,1,2,0,1230.31,1,1,0.09,0
11,NORDESTE,2020,3,3,0,1,0,83.0,24.81,68.1,9,2,2,2,5491.74,2,2,0.08,0
12,NOROESTE,2020,3,3,4,4,0,83.0,24.81,68.1,23,7,4,3,6310.17,7,7,0.23,0
13,NORTE,2020,3,3,1,0,0,83.0,24.81,68.1,12,5,7,3,3176.84,5,5,0.39,0
14,PARTENON,2020,3,3,1,0,0,83.0,24.81,68.1,13,3,6,3,8162.18,3,3,0.35,0
15,RESTINGA,2020,3,3,0,2,0,83.0,24.81,68.1,6,0,0,1,1574.92,0,0,0.05,0
16,SUL,2020,3,3,3,5,0,83.0,24.81,68.1,6,4,0,1,2802.29,4,4,0.19,0
0,CENTRO,2020,4,4,5,20,0,23.4,24.48,71.13,9,7,7,17,10646.12,7,7,0.37,0
1,CENTRO SUL,2020,4,4,1,6,0,23.4,24.48,71.13,4,2,4,1,3847.64,2,2,0.24,0
2,CRISTAL,2020,4,4,0,6,0,23.4,24.48,71.13,12,1,1,2,7056.38,1,1,0.08,0
3,CRUZEIRO,2020,4,4,0,4,0,23.4,24.48,71.13,11,0,1,0,9590.62,0,0,0.06,0
4,EIXO BALTAZAR,2020,4,4,0,4,0,23.4,24.48,71.13,7,0,5,1,8375.15,0,0,0.16,0
5,EXTREMO SUL,2020,4,4,0,5,0,23.4,24.48,71.13,3,0,1,0,300.6,0,0,0.04,0
6,GLORIA,2020,4,4,1,5,0,23.4,24.48,71.13,6,0,0,1,2324.68,0,0,0.11,0
7,HUMAITA NAVEGANTES,2020,4,4,0,2,0,23.4,24.48,71.13,11,1,2,1,2891.4,1,1,0.07,0
8,ILHAS,2020,4,4,0,2,0,23.4,24.48,71.13,0,0,0,0,188.46,0,0,0.0,0
9,LESTE,2020,4,4,1,3,0,23.4,24.48,71.13,12,2,4,1,7417.85,2,2,1.0,0
10,LOMBA DO PINHEIRO,2020,4,4,0,4,0,23.4,24.48,71.13,1,0,1,2,1230.31,0,0,0.09,0
11,NORDESTE,2020,4,4,0,4,0,23.4,24.48,71.13,2,0,2,2,5491.74,0,0,0.08,0
12,NOROESTE,2020,4,4,3,11,0,23.4,24.48,71.13,11,4,7,4,6310.17,4,4,0.23,0
13,NORTE,2020,4,4,0,0,0,23.4,24.48,71.13,4,1,5,7,3176.84,1,1,0.39,0
14,PARTENON,2020,4,4,3,6,0,23.4,24.48,71.13,9,1,3,6,8162.18,1,1,0.35,0
15,RESTINGA,2020,4,4,0,4,0,23.4,24.48,71.13,3,0,0,0,1574.92,0,0,0.05,0
16,SUL,2020,4,4,0,21,0,23.4,24.48,71.13,3,3,4,0,2802.29,3,3,0.19,0
0,CENTRO,2020,5,5,2,15,0,30.8,20.44,70.94,7,5,7,7,10646.12,5,5,0.38,0
1,CENTRO SUL,2020,5,5,1,6,0,30.8,20.44,70.94,1,1,2,4,3847.64,1,1,0.24,0
2,CRISTAL,2020,5,5,0,5,0,30.8,20.44,70.94,6,0,1,1,7056.38,0,0,0.08,0
3,CRUZEIRO,2020,5,5,0,6,0,30.8,20.44,70.94,10,0,0,1,9590.62,0,0,0.06,0
4,EIXO BALTAZAR,2020,5,5,1,7,0,30.8,20.44,70.94,4,0,0,5,8375.15,0,0,0.16,0
5,EXTREMO SUL,2020,5,5,0,4,0,30.8,20.44,70.94,0,0,0,1,300.6,0,0,0.04,0
6,GLORIA,2020,5,5,0,6,0,30.8,20.44,70.94,4,1,0,0,2324.68,1,1,0.11,0
7,HUMAITA NAVEGANTES,2020,5,5,1,6,0,30.8,20.44,70.94,8,0,1,2,2891.4,0,0,0.07,0
8,ILHAS,2020,5,5,0,4,0,30.8,20.44,70.94,0,0,0,0,188.46,0,0,0.0,0
9,LESTE,2020,5,5,1,10,0,30.8,20.44,70.94,11,1,2,4,7417.85,1,1,1.0,0
10,LOMBA DO PINHEIRO,2020,5,5,0,5,0,30.8,20.44,70.94,4,0,0,1,1230.31,0,0,0.09,0
11,NORDESTE,2020,5,5,0,5,0,30.8,20.44,70.94,1,0,0,2,5491.74,0,0,0.08,0
12,NOROESTE,2020,5,5,1,8,0,30.8,20.44,70.94,6,3,4,7,6310.17,3,3,0.23,0
13,NORTE,2020,5,5,1,7,0,30.8,20.44,70.94,3,0,1,5,3176.84,0,0,0.39,0
14,PARTENON,2020,5,5,0,8,0,30.8,20.44,70.94,7,3,1,3,8162.18,3,3,0.35,0
15,RESTINGA,2020,5,5,0,5,0,30.8,20.44,70.94,1,0,0,0,1574.92,0,0,0.05,0
16,SUL,2020,5,5,0,6,0,30.8,20.44,70.94,2,0,3,4,2802.29,0,0,0.19,0
0,CENTRO,2020,6,6,4,2,0,132.2,16.83,74.98,3,2,5,7,10646.12,2,2,0.37,0
1,CENTRO SUL,2020,6,6,0,1,0,132.2,16.83,74.98,0,1,1,2,3847.64,1,1,0.24,0
2,CRISTAL,2020,6,6,0,0,0,132.2,16.83,74.98,3,0,0,1,7056.38,0,0,0.08,0
3,CRUZEIRO,2020,6,6,0,0,0,132.2,16.83,74.98,3,0,0,0,9590.62,0,0,0.06,0
4,EIXO BALTAZAR,2020,6,6,2,1,0,132.2,16.83,74.98,3,1,0,0,8375.15,1,1,0.16,0
5,EXTREMO SUL,2020,6,6,0,0,0,132.2,16.83,74.98,0,0,0,0,300.6,0,0,0.04,0
6,GLORIA,2020,6,6,1,0,0,132.2,16.83,74.98,1,0,1,0,2324.68,0,0,0.11,0
7,HUMAITA NAVEGANTES,2020,6,6,0,0,0,132.2,16.83,74.98,3,1,0,1,2891.4,1,1,0.07,0
8,ILHAS,2020,6,6,0,0,0,132.2,16.83,74.98,0,0,0,0,188.46,0,0,0.0,0
9,LESTE,2020,6,6,0,1,0,132.2,16.83,74.98,4,1,1,2,7417.85,1,1,1.0,0
10,LOMBA DO PINHEIRO,2020,6,6,0,0,0,132.2,16.83,74.98,0,0,0,0,1230.31,0,0,0.09,0
11,NORDESTE,2020,6,6,0,0,0,132.2,16.83,74.98,2,0,0,0,5491.74,0,0,0.08,0
12,NOROESTE,2020,6,6,0,1,0,132.2,16.83,74.98,6,1,3,4,6310.17,1,1,0.23,0
13,NORTE,2020,6,6,0,0,0,132.2,16.83,74.98,2,1,0,1,3176.84,1,1,0.39,0
14,PARTENON,2020,6,6,1,0,0,132.2,16.83,74.98,3,0,3,1,8162.18,0,0,0.35,0
15,RESTINGA,2020,6,6,0,0,0,132.2,16.83,74.98,0,0,0,0,1574.92,0,0,0.05,0
16,SUL,2020,6,6,0,1,0,132.2,16.83,74.98,1,0,0,3,2802.29,0,0,0.19,0
0,CENTRO,2020,7,7,1,4,0,235.2,16.45,79.76,1,4,2,5,10646.12,4,4,0.38,0
1,CENTRO SUL,2020,7,7,0,1,0,235.2,16.45,79.76,1,0,1,1,3847.64,0,0,0.24,0
2,CRISTAL,2020,7,7,0,1,0,235.2,16.45,79.76,4,0,0,0,7056.38,0,0,0.08,0
3,CRUZEIRO,2020,7,7,0,0,0,235.2,16.45,79.76,6,0,0,0,9590.62,0,0,0.06,0
4,EIXO BALTAZAR,2020,7,7,1,2,0,235.2,16.45,79.76,0,2,1,0,8375.15,2,2,0.16,0
5,EXTREMO SUL,2020,7,7,0,1,0,235.2,16.45,79.76,0,0,0,0,300.6,0,0,0.04,0
6,GLORIA,2020,7,7,0,0,0,235.2,16.45,79.76,1,1,0,1,2324.68,1,1,0.11,0
7,HUMAITA NAVEGANTES,2020,7,7,0,1,0,235.2,16.45,79.76,4,0,1,0,2891.4,0,0,0.07,0
8,ILHAS,2020,7,7,0,0,0,235.2,16.45,79.76,0,0,0,0,188.46,0,0,0.0,0
9,LESTE,2020,7,7,0,1,0,235.2,16.45,79.76,7,0,1,1,7417.85,0,0,1.0,0
10,LOMBA DO PINHEIRO,2020,7,7,0,1,0,235.2,16.45,79.76,2,0,0,0,1230.31,0,0,0.09,0
11,NORDESTE,2020,7,7,0,0,0,235.2,16.45,79.76,2,0,0,0,5491.74,0,0,0.08,0
12,NOROESTE,2020,7,7,0,1,0,235.2,16.45,79.76,6,0,1,3,6310.17,0,0,0.23,0
13,NORTE,2020,7,7,0,1,0,235.2,16.45,79.76,2,0,1,0,3176.84,0,0,0.39,0
14,PARTENON,2020,7,7,1,1,0,235.2,16.45,79.76,5,1,0,3,8162.18,1,1,0.35,0
15,RESTINGA,2020,7,7,0,0,0,235.2,16.45,79.76,1,0,0,0,1574.92,0,0,0.05,0
16,SUL,2020,7,7,0,1,0,235.2,16.45,79.76,1,0,0,0,2802.29,0,0,0.19,0
0,CENTRO,2020,8,8,0,1,0,262.0,13.73,78.43,1,1,4,2,10646.12,1,1,0.38,0
1,CENTRO SUL,2020,8,8,0,1,0,262.0,13.73,78.43,0,0,0,1,3847.64,0,0,0.24,0
2,CRISTAL,2020,8,8,0,0,0,262.0,13.73,78.43,1,0,0,0,7056.38,0,0,0.08,0
3,CRUZEIRO,2020,8,8,0,0,0,262.0,13.73,78.43,2,0,0,0,9590.62,0,0,0.06,0
4,EIXO BALTAZAR,2020,8,8,0,0,0,262.0,13.73,78.43,0,1,2,1,8375.15,1,1,0.16,0
5,EXTREMO SUL,2020,8,8,0,0,0,262.0,13.73,78.43,0,0,0,0,300.6,0,0,0.04,0
6,GLORIA,2020,8,8,0,0,0,262.0,13.73,78.43,1,0,1,0,2324.68,0,0,0.11,0
7,HUMAITA NAVEGANTES,2020,8,8,0,0,0,262.0,13.73,78.43,1,0,0,1,2891.4,0,0,0.07,0
8,ILHAS,2020,8,8,0,0,0,262.0,13.73,78.43,0,0,0,0,188.46,0,0,0.0,0
9,LESTE,2020,8,8,0,1,0,262.0,13.73,78.43,3,0,0,1,7417.85,0,0,1.0,0
10,LOMBA DO PINHEIRO,2020,8,8,1,0,0,262.0,13.73,78.43,1,0,0,0,1230.31,0,0,0.08,0
11,NORDESTE,2020,8,8,0,0,0,262.0,13.73,78.43,1,0,0,0,5491.74,0,0,0.08,0
12,NOROESTE,2020,8,8,0,1,0,262.0,13.73,78.43,2,0,0,1,6310.17,0,0,0.23,0
13,NORTE,2020,8,8,0,1,0,262.0,13.73,78.43,1,0,0,1,3176.84,0,0,0.39,0
14,PARTENON,2020,8,8,0,1,0,262.0,13.73,78.43,1,1,1,0,8162.18,1,1,0.35,0
15,RESTINGA,2020,8,8,0,0,0,262.0,13.73,78.43,0,0,0,0,1574.92,0,0,0.05,0
16,SUL,2020,8,8,0,1,0,262.0,13.73,78.43,0,0,0,0,2802.29,0,0,0.19,0
0,CENTRO,2020,9,9,0,4,0,78.4,16.1,75.38,0,0,1,4,10646.12,0,0,0.38,0
1,CENTRO SUL,2020,9,9,0,1,0,78.4,16.1,75.38,0,0,0,0,3847.64,0,0,0.24,0
2,CRISTAL,2020,9,9,0,1,0,78.4,16.1,75.38,0,0,0,0,7056.38,0,0,0.08,0
3,CRUZEIRO,2020,9,9,0,1,0,78.4,16.1,75.38,0,0,0,0,9590.62,0,0,0.06,0
4,EIXO BALTAZAR,2020,9,9,1,3,0,78.4,16.1,75.38,0,0,1,2,8375.15,0,0,0.16,0
5,EXTREMO SUL,2020,9,9,0,1,0,78.4,16.1,75.38,0,0,0,0,300.6,0,0,0.04,0
6,GLORIA,2020,9,9,0,1,0,78.4,16.1,75.38,1,0,0,1,2324.68,0,0,0.11,0
7,HUMAITA NAVEGANTES,2020,9,9,0,2,0,78.4,16.1,75.38,0,0,0,0,2891.4,0,0,0.07,0
8,ILHAS,2020,9,9,0,1,0,78.4,16.1,75.38,0,0,0,0,188.46,0,0,0.0,0
9,LESTE,2020,9,9,0,1,0,78.4,16.1,75.38,0,0,0,0,7417.85,0,0,1.0,0
10,LOMBA DO PINHEIRO,2020,9,9,0,1,0,78.4,16.1,75.38,0,1,0,0,1230.31,1,1,0.09,0
11,NORDESTE,2020,9,9,1,1,0,78.4,16.1,75.38,0,0,0,0,5491.74,0,0,0.08,0
12,NOROESTE,2020,9,9,0,1,0,78.4,16.1,75.38,0,0,0,0,6310.17,0,0,0.23,0
13,NORTE,2020,9,9,0,1,0,78.4,16.1,75.38,0,0,0,0,3176.84,0,0,0.39,0
14,PARTENON,2020,9,9,0,3,0,78.4,16.1,75.38,1,0,1,1,8162.18,0,0,0.35,0
15,RESTINGA,2020,9,9,0,1,0,78.4,16.1,75.38,1,0,0,0,1574.92,0,0,0.05,0
16,SUL,2020,9,9,1,1,0,78.4,16.1,75.38,0,0,0,0,2802.29,0,0,0.19,0
0,CENTRO,2020,10,10,0,2,0,230.2,16.87,81.81,0,0,0,1,10646.12,0,0,0.38,0
1,CENTRO SUL,2020,10,10,0,1,0,230.2,16.87,81.81,1,0,0,0,3847.64,0,0,0.24,0
2,CRISTAL,2020,10,10,0,0,0,230.2,16.87,81.81,1,0,0,0,7056.38,0,0,0.08,0
3,CRUZEIRO,2020,10,10,0,0,0,230.2,16.87,81.81,0,0,0,0,9590.62,0,0,0.06,0
4,EIXO BALTAZAR,2020,10,10,0,1,0,230.2,16.87,81.81,1,1,0,1,8375.15,1,1,0.16,0
5,EXTREMO SUL,2020,10,10,0,0,0,230.2,16.87,81.81,1,0,0,0,300.6,0,0,0.04,0
6,GLORIA,2020,10,10,0,0,0,230.2,16.87,81.81,1,0,0,0,2324.68,0,0,0.11,0
7,HUMAITA NAVEGANTES,2020,10,10,0,0,0,230.2,16.87,81.81,0,0,0,0,2891.4,0,0,0.07,0
8,ILHAS,2020,10,10,0,0,0,230.2,16.87,81.81,0,0,0,0,188.46,0,0,0.0,0
9,LESTE,2020,10,10,1,0,0,230.2,16.87,81.81,2,0,0,0,7417.85,0,0,1.0,0
10,LOMBA DO PINHEIRO,2020,10,10,1,0,0,230.2,16.87,81.81,0,0,1,0,1230.31,0,0,0.08,0
11,NORDESTE,2020,10,10,0,0,0,230.2,16.87,81.81,1,1,0,0,5491.74,1,1,0.08,0
12,NOROESTE,2020,10,10,0,1,0,230.2,16.87,81.81,1,0,0,0,6310.17,0,0,0.23,0
13,NORTE,2020,10,10,1,1,0,230.2,16.87,81.81,1,0,0,0,3176.84,0,0,0.39,0
14,PARTENON,2020,10,10,0,0,0,230.2,16.87,81.81,0,0,0,1,8162.18,0,0,0.35,0
15,RESTINGA,2020,10,10,0,0,0,230.2,16.87,81.81,1,0,0,0,1574.92,0,0,0.05,0
16,SUL,2020,10,10,1,1,0,230.2,16.87,81.81,0,1,0,0,2802.29,1,1,0.19,0
0,CENTRO,2020,11,11,1,2,0,97.0,19.36,76.87,1,0,0,0,10646.12,0,0,0.38,0
1,CENTRO SUL,2020,11,11,0,2,0,97.0,19.36,76.87,1,0,0,0,3847.64,0,0,0.24,0
2,CRISTAL,2020,11,11,0,1,0,97.0,19.36,76.87,1,0,0,0,7056.38,0,0,0.08,0
3,CRUZEIRO,2020,11,11,0,0,0,97.0,19.36,76.87,0,0,0,0,9590.62,0,0,0.06,0
4,EIXO BALTAZAR,2020,11,11,1,2,0,97.0,19.36,76.87,2,0,1,0,8375.15,0,0,0.16,0
5,EXTREMO SUL,2020,11,11,0,1,0,97.0,19.36,76.87,1,0,0,0,300.6,0,0,0.04,0
6,GLORIA,2020,11,11,0,1,0,97.0,19.36,76.87,2,0,0,0,2324.68,0,0,0.11,0
7,HUMAITA NAVEGANTES,2020,11,11,0,1,0,97.0,19.36,76.87,0,0,0,0,2891.4,0,0,0.07,0
8,ILHAS,2020,11,11,0,0,0,97.0,19.36,76.87,0,0,0,0,188.46,0,0,0.0,0
9,LESTE,2020,11,11,1,2,0,97.0,19.36,76.87,0,1,0,0,7417.85,1,1,1.0,0
10,LOMBA DO PINHEIRO,2020,11,11,0,2,0,97.0,19.36,76.87,0,1,0,1,1230.31,1,1,0.09,0
11,NORDESTE,2020,11,11,0,1,0,97.0,19.36,76.87,1,0,1,0,5491.74,0,0,0.08,0
12,NOROESTE,2020,11,11,0,1,0,97.0,19.36,76.87,2,0,0,0,6310.17,0,0,0.23,0
13,NORTE,2020,11,11,2,4,0,97.0,19.36,76.87,0,1,0,0,3176.84,1,1,0.39,0
14,PARTENON,2020,11,11,0,2,0,97.0,19.36,76.87,2,0,0,0,8162.18,0,0,0.35,0
15,RESTINGA,2020,11,11,0,1,0,97.0,19.36,76.87,2,0,0,0,1574.92,0,0,0.05,0
16,SUL,2020,11,11,1,1,0,97.0,19.36,76.87,0,1,1,0,2802.29,1,1,0.19,0
0,CENTRO,2020,12,12,2,2,0,52.4,21.7,72.57,1,1,0,0,10646.12,1,1,0.38,0
1,CENTRO SUL,2020,12,12,0,1,0,52.4,21.7,72.57,1,0,0,0,3847.64,0,0,0.24,0
2,CRISTAL,2020,12,12,0,0,0,52.4,21.7,72.57,2,0,0,0,7056.38,0,0,0.08,0
3,CRUZEIRO,2020,12,12,0,0,0,52.4,21.7,72.57,1,0,0,0,9590.62,0,0,0.06,0
4,EIXO BALTAZAR,2020,12,12,0,1,0,52.4,21.7,72.57,3,1,0,1,8375.15,1,1,0.16,0
5,EXTREMO SUL,2020,12,12,0,0,0,52.4,21.7,72.57,1,0,0,0,300.6,0,0,0.04,0
6,GLORIA,2020,12,12,0,0,0,52.4,21.7,72.57,1,0,0,0,2324.68,0,0,0.11,0
7,HUMAITA NAVEGANTES,2020,12,12,0,1,0,52.4,21.7,72.57,1,0,0,0,2891.4,0,0,0.07,0
8,ILHAS,2020,12,12,0,0,0,52.4,21.7,72.57,0,0,0,0,188.46,0,0,0.0,0
9,LESTE,2020,12,12,0,2,0,52.4,21.7,72.57,2,1,1,0,7417.85,1,1,1.0,0
10,LOMBA DO PINHEIRO,2020,12,12,0,1,0,52.4,21.7,72.57,0,0,1,0,1230.31,0,0,0.09,0
11,NORDESTE,2020,12,12,0,1,0,52.4,21.7,72.57,2,0,0,1,5491.74,0,0,0.08,0
12,NOROESTE,2020,12,12,0,1,0,52.4,21.7,72.57,5,0,0,0,6310.17,0,0,0.23,0
13,NORTE,2020,12,12,0,2,0,52.4,21.7,72.57,1,2,1,0,3176.84,2,2,0.39,0
14,PARTENON,2020,12,12,1,1,0,52.4,21.7,72.57,2,0,0,0,8162.18,0,0,0.35,0
15,RESTINGA,2020,12,12,0,0,0,52.4,21.7,72.57,1,0,0,0,1574.92,0,0,0.05,0
16,SUL,2020,12,12,0,1,0,52.4,21.7,72.57,0,1,1,1,2802.29,1,1,0.19,0
0,CENTRO,2021,1,1,0,3,0,104.4,23.86,71.45,1,2,1,0,10646.12,2,2,0.38,0
1,CENTRO SUL,2021,1,1,1,1,0,104.4,23.86,71.45,0,0,0,0,3847.64,0,0,0.24,0
2,CRISTAL,2021,1,1,0,1,0,104.4,23.86,71.45,2,0,0,0,7056.38,0,0,0.08,0
3,CRUZEIRO,2021,1,1,0,1,0,104.4,23.86,71.45,3,0,0,0,9590.62,0,0,0.06,0
4,EIXO BALTAZAR,2021,1,1,1,2,0,104.4,23.86,71.45,0,0,1,0,8375.15,0,0,0.16,0
5,EXTREMO SUL,2021,1,1,0,1,0,104.4,23.86,71.45,0,0,0,0,300.6,0,0,0.04,0
6,GLORIA,2021,1,1,0,1,0,104.4,23.86,71.45,1,0,0,0,2324.68,0,0,0.11,0
7,HUMAITA NAVEGANTES,2021,1,1,0,1,0,104.4,23.86,71.45,2,0,0,0,2891.4,0,0,0.07,0
8,ILHAS,2021,1,1,0,0,0,104.4,23.86,71.45,0,0,0,0,188.46,0,0,0.0,0
9,LESTE,2021,1,1,0,3,0,104.4,23.86,71.45,3,0,1,1,7417.85,0,0,1.0,0
10,LOMBA DO PINHEIRO,2021,1,1,2,1,0,104.4,23.86,71.45,1,0,0,1,1230.31,0,0,0.08,0
11,NORDESTE,2021,1,1,0,1,0,104.4,23.86,71.45,0,0,0,0,5491.74,0,0,0.08,0
12,NOROESTE,2021,1,1,1,1,0,104.4,23.86,71.45,2,0,0,0,6310.17,0,0,0.23,0
13,NORTE,2021,1,1,0,2,0,104.4,23.86,71.45,0,0,2,1,3176.84,0,0,0.39,0
14,PARTENON,2021,1,1,2,3,0,104.4,23.86,71.45,2,1,0,0,8162.18,1,1,0.35,0
15,RESTINGA,2021,1,1,1,1,0,104.4,23.86,71.45,0,0,0,0,1574.92,0,0,0.05,0
16,SUL,2021,1,1,0,1,0,104.4,23.86,71.45,0,0,1,1,2802.29,0,0,0.19,0
0,CENTRO,2021,2,2,0,17,0,129.0,24.93,70.98,3,0,2,1,10646.12,0,0,0.38,0
1,CENTRO SUL,2021,2,2,1,14,0,129.0,24.93,70.98,0,1,0,0,3847.64,1,1,0.24,0
2,CRISTAL,2021,2,2,0,3,0,129.0,24.93,70.98,1,0,0,0,7056.38,0,0,0.08,0
3,CRUZEIRO,2021,2,2,1,3,0,129.0,24.93,70.98,3,0,0,0,9590.62,0,0,0.06,0
4,EIXO BALTAZAR,2021,2,2,0,8,0,129.0,24.93,70.98,1,1,0,1,8375.15,1,1,0.16,0
5,EXTREMO SUL,2021,2,2,0,2,0,129.0,24.93,70.98,1,0,0,0,300.6,0,0,0.04,0
6,GLORIA,2021,2,2,0,9,0,129.0,24.93,70.98,6,0,0,0,2324.68,0,0,0.11,0
7,HUMAITA NAVEGANTES,2021,2,2,1,3,0,129.0,24.93,70.98,1,0,0,0,2891.4,0,0,0.07,0
8,ILHAS,2021,2,2,0,2,0,129.0,24.93,70.98,0,0,0,0,188.46,0,0,0.0,0
9,LESTE,2021,2,2,0,14,0,129.0,24.93,70.98,4,0,0,1,7417.85,0,0,1.0,0
10,LOMBA DO PINHEIRO,2021,2,2,0,5,0,129.0,24.93,70.98,3,2,0,0,1230.31,2,2,0.09,0
11,NORDESTE,2021,2,2,0,3,0,129.0,24.93,70.98,1,0,0,0,5491.74,0,0,0.08,0
12,NOROESTE,2021,2,2,1,14,0,129.0,24.93,70.98,1,1,0,0,6310.17,1,1,0.23,0
13,NORTE,2021,2,2,0,10,0,129.0,24.93,70.98,2,0,0,2,3176.84,0,0,0.39,0
14,PARTENON,2021,2,2,3,19,0,129.0,24.93,70.98,2,2,1,0,8162.18,2,2,0.35,0
15,RESTINGA,2021,2,2,0,3,0,129.0,24.93,70.98,2,1,0,0,1574.92,1,1,0.05,0
16,SUL,2021,2,2,0,13,0,129.0,24.93,70.98,2,0,0,1,2802.29,0,0,0.19,0
0,CENTRO,2021,3,3,1,9,0,30.2,24.56,72.08,6,0,0,2,10646.12,0,0,0.38,0
1,CENTRO SUL,2021,3,3,0,8,0,30.2,24.56,72.08,1,1,1,0,3847.64,1,1,0.24,0
2,CRISTAL,2021,3,3,0,1,0,30.2,24.56,72.08,2,0,0,0,7056.38,0,0,0.08,0
3,CRUZEIRO,2021,3,3,1,1,0,30.2,24.56,72.08,4,1,0,0,9590.62,1,1,0.06,0
4,EIXO BALTAZAR,2021,3,3,1,2,0,30.2,24.56,72.08,1,0,1,0,8375.15,0,0,0.16,0
5,EXTREMO SUL,2021,3,3,0,1,0,30.2,24.56,72.08,0,0,0,0,300.6,0,0,0.04,0
6,GLORIA,2021,3,3,0,2,0,30.2,24.56,72.08,5,0,0,0,2324.68,0,0,0.11,0
7,HUMAITA NAVEGANTES,2021,3,3,0,1,0,30.2,24.56,72.08,1,1,0,0,2891.4,1,1,0.07,0
8,ILHAS,2021,3,3,0,1,0,30.2,24.56,72.08,0,0,0,0,188.46,0,0,0.0,0
9,LESTE,2021,3,3,3,3,0,30.2,24.56,72.08,4,0,0,0,7417.85,0,0,1.0,0
10,LOMBA DO PINHEIRO,2021,3,3,1,2,0,30.2,24.56,72.08,3,0,2,0,1230.31,0,0,0.08,0
11,NORDESTE,2021,3,3,0,1,0,30.2,24.56,72.08,0,0,0,0,5491.74,0,0,0.08,0
12,NOROESTE,2021,3,3,1,9,0,30.2,24.56,72.08,1,1,1,0,6310.17,1,1,0.23,0
13,NORTE,2021,3,3,1,6,0,30.2,24.56,72.08,1,0,0,0,3176.84,0,0,0.39,0
14,PARTENON,2021,3,3,0,11,0,30.2,24.56,72.08,1,3,2,1,8162.18,3,3,0.35,0
15,RESTINGA,2021,3,3,0,1,0,30.2,24.56,72.08,0,0,1,0,1574.92,0,0,0.05,0
16,SUL,2021,3,3,0,1,0,30.2,24.56,72.08,1,0,0,0,2802.29,0,0,0.19,0
0,CENTRO,2021,4,4,4,3,0,79.2,23.69,77.53,5,1,0,0,10646.12,1,1,0.37,0
1,CENTRO SUL,2021,4,4,3,1,0,79.2,23.69,77.53,1,0,1,1,3847.64,0,0,0.24,0
2,CRISTAL,2021,4,4,1,0,0,79.2,23.69,77.53,2,0,0,0,7056.38,0,0,0.08,0
3,CRUZEIRO,2021,4,4,2,1,0,79.2,23.69,77.53,1,1,1,0,9590.62,1,1,0.06,0
4,EIXO BALTAZAR,2021,4,4,1,1,0,79.2,23.69,77.53,5,1,0,1,8375.15,1,1,0.16,0
5,EXTREMO SUL,2021,4,4,0,0,0,79.2,23.69,77.53,0,0,0,0,300.6,0,0,0.04,0
6,GLORIA,2021,4,4,0,1,0,79.2,23.69,77.53,2,0,0,0,2324.68,0,0,0.11,0
7,HUMAITA NAVEGANTES,2021,4,4,15,1,0,79.2,23.69,77.53,2,0,1,0,2891.4,0,0,0.07,0
8,ILHAS,2021,4,4,0,0,0,79.2,23.69,77.53,0,0,0,0,188.46,0,0,0.0,0
9,LESTE,2021,4,4,0,4,0,79.2,23.69,77.53,3,3,0,0,7417.85,3,3,1.0,0
10,LOMBA DO PINHEIRO,2021,4,4,1,1,0,79.2,23.69,77.53,0,1,0,2,1230.31,1,1,0.08,0
11,NORDESTE,2021,4,4,0,1,0,79.2,23.69,77.53,4,0,0,0,5491.74,0,0,0.08,0
12,NOROESTE,2021,4,4,1,2,0,79.2,23.69,77.53,6,1,1,1,6310.17,1,1,0.23,0
13,NORTE,2021,4,4,1,3,0,79.2,23.69,77.53,2,1,0,0,3176.84,1,1,0.39,0
14,PARTENON,2021,4,4,26,2,0,79.2,23.69,77.53,6,0,3,2,8162.18,0,0,0.34,0
15,RESTINGA,2021,4,4,0,0,0,79.2,23.69,77.53,1,0,0,1,1574.92,0,0,0.05,0
16,SUL,2021,4,4,0,1,0,79.2,23.69,77.53,0,0,0,0,2802.29,0,0,0.19,0
0,CENTRO,2021,5,5,6,55,0,27.0,21.77,71.68,45,4,1,0,10646.12,4,4,0.37,0
1,CENTRO SUL,2021,5,5,1,43,0,27.0,21.77,71.68,3,3,0,1,3847.64,3,3,0.24,0
2,CRISTAL,2021,5,5,0,4,0,27.0,21.77,71.68,9,1,0,0,7056.38,1,1,0.08,0
3,CRUZEIRO,2021,5,5,0,14,0,27.0,21.77,71.68,34,2,1,1,9590.62,2,2,0.06,0
4,EIXO BALTAZAR,2021,5,5,3,13,0,27.0,21.77,71.68,2,1,1,0,8375.15,1,1,0.16,0
5,EXTREMO SUL,2021,5,5,0,1,0,27.0,21.77,71.68,0,0,0,0,300.6,0,0,0.04,0
6,GLORIA,2021,5,5,4,24,0,27.0,21.77,71.68,32,0,0,0,2324.68,0,0,0.11,0
7,HUMAITA NAVEGANTES,2021,5,5,16,289,0,27.0,21.77,71.68,5,15,0,1,2891.4,15,15,0.07,0
8,ILHAS,2021,5,5,0,0,0,27.0,21.77,71.68,0,0,0,0,188.46,0,0,0.0,0
9,LESTE,2021,5,5,0,22,0,27.0,21.77,71.68,32,0,3,0,7417.85,0,0,1.0,0
10,LOMBA DO PINHEIRO,2021,5,5,3,15,0,27.0,21.77,71.68,26,1,1,0,1230.31,1,1,0.08,0
11,NORDESTE,2021,5,5,1,4,0,27.0,21.77,71.68,1,0,0,0,5491.74,0,0,0.08,0
12,NOROESTE,2021,5,5,2,18,0,27.0,21.77,71.68,21,1,1,1,6310.17,1,1,0.23,0
13,NORTE,2021,5,5,5,0,0,27.0,21.77,71.68,2,1,1,0,3176.84,1,1,0.39,0
14,PARTENON,2021,5,5,9,573,0,27.0,21.77,71.68,7,26,0,3,8162.18,26,26,0.35,0
15,RESTINGA,2021,5,5,0,2,0,27.0,21.77,71.68,1,0,0,0,1574.92,0,0,0.05,0
16,SUL,2021,5,5,0,15,0,27.0,21.77,71.68,4,0,0,0,2802.29,0,0,0.19,0
0,CENTRO,2021,6,6,1,14,0,164.8,15.51,76.38,27,6,4,1,10646.12,6,6,0.38,0
1,CENTRO SUL,2021,6,6,1,1,0,164.8,15.51,76.38,4,1,3,0,3847.64,1,1,0.24,0
2,CRISTAL,2021,6,6,0,1,0,164.8,15.51,76.38,7,0,1,0,7056.38,0,0,0.08,0
3,CRUZEIRO,2021,6,6,0,2,0,164.8,15.51,76.38,20,0,2,1,9590.62,0,0,0.06,0
4,EIXO BALTAZAR,2021,6,6,1,1,0,164.8,15.51,76.38,8,3,1,1,8375.15,3,3,0.16,0
5,EXTREMO SUL,2021,6,6,0,0,0,164.8,15.51,76.38,0,0,0,0,300.6,0,0,0.04,0
6,GLORIA,2021,6,6,0,2,0,164.8,15.51,76.38,13,4,0,0,2324.68,4,4,0.11,0
7,HUMAITA NAVEGANTES,2021,6,6,2,11,0,164.8,15.51,76.38,8,16,15,0,2891.4,16,16,0.07,0
8,ILHAS,2021,6,6,0,0,0,164.8,15.51,76.38,0,0,0,0,188.46,0,0,0.0,0
9,LESTE,2021,6,6,0,2,0,164.8,15.51,76.38,21,0,0,3,7417.85,0,0,1.0,0
10,LOMBA DO PINHEIRO,2021,6,6,0,2,0,164.8,15.51,76.38,13,3,1,1,1230.31,3,3,0.09,0
11,NORDESTE,2021,6,6,2,1,0,164.8,15.51,76.38,3,1,0,0,5491.74,1,1,0.08,0
12,NOROESTE,2021,6,6,0,5,0,164.8,15.51,76.38,30,2,1,1,6310.17,2,2,0.23,0
13,NORTE,2021,6,6,0,4,0,164.8,15.51,76.38,5,5,1,1,3176.84,5,5,0.39,0
14,PARTENON,2021,6,6,0,5,0,164.8,15.51,76.38,13,9,26,0,8162.18,9,9,0.35,0
15,RESTINGA,2021,6,6,0,1,0,164.8,15.51,76.38,7,0,0,0,1574.92,0,0,0.05,0
16,SUL,2021,6,6,1,2,0,164.8,15.51,76.38,5,0,0,0,2802.29,0,0,0.19,0
0,CENTRO,2021,7,7,1,0,0,173.2,14.38,81.87,2,1,6,4,10646.12,1,1,0.38,0
1,CENTRO SUL,2021,7,7,1,0,0,173.2,14.38,81.87,1,1,1,3,3847.64,1,1,0.24,0
2,CRISTAL,2021,7,7,0,0,0,173.2,14.38,81.87,3,0,0,1,7056.38,0,0,0.08,0
3,CRUZEIRO,2021,7,7,0,0,0,173.2,14.38,81.87,2,0,0,2,9590.62,0,0,0.06,0
4,EIXO BALTAZAR,2021,7,7,0,0,0,173.2,14.38,81.87,2,1,3,1,8375.15,1,1,0.16,0
5,EXTREMO SUL,2021,7,7,0,0,0,173.2,14.38,81.87,1,0,0,0,300.6,0,0,0.04,0
6,GLORIA,2021,7,7,2,0,0,173.2,14.38,81.87,2,0,4,0,2324.68,0,0,0.11,0
7,HUMAITA NAVEGANTES,2021,7,7,2,0,0,173.2,14.38,81.87,1,2,16,15,2891.4,2,2,0.07,0
8,ILHAS,2021,7,7,0,0,0,173.2,14.38,81.87,0,0,0,0,188.46,0,0,0.0,0
9,LESTE,2021,7,7,0,0,0,173.2,14.38,81.87,4,0,0,0,7417.85,0,0,1.0,0
10,LOMBA DO PINHEIRO,2021,7,7,0,0,0,173.2,14.38,81.87,0,0,3,1,1230.31,0,0,0.09,0
11,NORDESTE,2021,7,7,0,0,0,173.2,14.38,81.87,1,2,1,0,5491.74,2,2,0.08,0
12,NOROESTE,2021,7,7,0,1,0,173.2,14.38,81.87,4,0,2,1,6310.17,0,0,0.23,0
13,NORTE,2021,7,7,1,0,0,173.2,14.38,81.87,1,0,5,1,3176.84,0,0,0.39,0
14,PARTENON,2021,7,7,0,1,0,173.2,14.38,81.87,1,0,9,26,8162.18,0,0,0.35,0
15,RESTINGA,2021,7,7,0,0,0,173.2,14.38,81.87,1,0,0,0,1574.92,0,0,0.05,0
16,SUL,2021,7,7,1,1,0,173.2,14.38,81.87,1,1,0,0,2802.29,1,1,0.19,0
0,CENTRO,2021,8,8,0,2,0,46.6,13.59,77.22,2,1,1,6,10646.12,1,1,0.38,0
1,CENTRO SUL,2021,8,8,0,0,0,46.6,13.59,77.22,3,1,1,1,3847.64,1,1,0.24,0
2,CRISTAL,2021,8,8,0,0,0,46.6,13.59,77.22,3,0,0,0,7056.38,0,0,0.08,0
3,CRUZEIRO,2021,8,8,0,0,0,46.6,13.59,77.22,4,0,0,0,9590.62,0,0,0.06,0
4,EIXO BALTAZAR,2021,8,8,0,0,0,46.6,13.59,77.22,1,0,1,3,8375.15,0,0,0.16,0
5,EXTREMO SUL,2021,8,8,0,0,0,46.6,13.59,77.22,1,0,0,0,300.6,0,0,0.04,0
6,GLORIA,2021,8,8,0,0,0,46.6,13.59,77.22,2,2,0,4,2324.68,2,2,0.11,0
7,HUMAITA NAVEGANTES,2021,8,8,0,1,0,46.6,13.59,77.22,1,2,2,16,2891.4,2,2,0.07,0
8,ILHAS,2021,8,8,0,0,0,46.6,13.59,77.22,0,0,0,0,188.46,0,0,0.0,0
9,LESTE,2021,8,8,0,0,0,46.6,13.59,77.22,1,0,0,0,7417.85,0,0,1.0,0
10,LOMBA DO PINHEIRO,2021,8,8,0,0,0,46.6,13.59,77.22,2,0,0,3,1230.31,0,0,0.09,0
11,NORDESTE,2021,8,8,0,0,0,46.6,13.59,77.22,0,0,2,1,5491.74,0,0,0.08,0
12,NOROESTE,2021,8,8,1,0,0,46.6,13.59,77.22,4,0,0,2,6310.17,0,0,0.23,0
13,NORTE,2021,8,8,0,1,0,46.6,13.59,77.22,0,1,0,5,3176.84,1,1,0.39,0
14,PARTENON,2021,8,8,0,2,0,46.6,13.59,77.22,3,0,0,9,8162.18,0,0,0.35,0
15,RESTINGA,2021,8,8,0,0,0,46.6,13.59,77.22,3,0,0,0,1574.92,0,0,0.05,0
16,SUL,2021,8,8,0,1,0,46.6,13.59,77.22,3,1,1,0,2802.29,1,1,0.19,0
0,CENTRO,2021,9,9,1,2,0,135.0,16.54,80.21,1,0,1,1,10646.12,0,0,0.38,0
1,CENTRO SUL,2021,9,9,0,1,0,135.0,16.54,80.21,0,0,1,1,3847.64,0,0,0.24,0
2,CRISTAL,2021,9,9,0,0,0,135.0,16.54,80.21,0,0,0,0,7056.38,0,0,0.08,0
3,CRUZEIRO,2021,9,9,0,0,0,135.0,16.54,80.21,0,0,0,0,9590.62,0,0,0.06,0
4,EIXO BALTAZAR,2021,9,9,0,1,0,135.0,16.54,80.21,1,0,0,1,8375.15,0,0,0.16,0
5,EXTREMO SUL,2021,9,9,2,0,0,135.0,16.54,80.21,0,0,0,0,300.6,0,0,0.04,0
6,GLORIA,2021,9,9,0,1,0,135.0,16.54,80.21,0,0,2,0,2324.68,0,0,0.11,0
7,HUMAITA NAVEGANTES,2021,9,9,0,0,0,135.0,16.54,80.21,1,0,2,2,2891.4,0,0,0.07,0
8,ILHAS,2021,9,9,0,0,0,135.0,16.54,80.21,0,0,0,0,188.46,0,0,0.0,0
9,LESTE,2021,9,9,0,2,0,135.0,16.54,80.21,1,0,0,0,7417.85,0,0,1.0,0
10,LOMBA DO PINHEIRO,2021,9,9,0,1,0,135.0,16.54,80.21,0,0,0,0,1230.31,0,0,0.09,0
11,NORDESTE,2021,9,9,0,0,0,135.0,16.54,80.21,0,0,0,2,5491.74,0,0,0.08,0
12,NOROESTE,2021,9,9,1,1,0,135.0,16.54,80.21,0,1,0,0,6310.17,1,1,0.23,0
13,NORTE,2021,9,9,0,2,0,135.0,16.54,80.21,1,0,1,0,3176.84,0,0,0.39,0
14,PARTENON,2021,9,9,0,2,0,135.0,16.54,80.21,0,0,0,0,8162.18,0,0,0.35,0
15,RESTINGA,2021,9,9,0,0,0,135.0,16.54,80.21,0,0,0,0,1574.92,0,0,0.05,0
16,SUL,2021,9,9,0,1,0,135.0,16.54,80.21,0,0,1,1,2802.29,0,0,0.19,0
0,CENTRO,2021,10,10,2,1,0,202.2,18.21,79.4,1,1,0,1,10646.12,1,1,0.38,0
1,CENTRO SUL,2021,10,10,0,0,0,202.2,18.21,79.4,0,0,0,1,3847.64,0,0,0.24,0
2,CRISTAL,2021,10,10,0,0,0,202.2,18.21,79.4,1,0,0,0,7056.38,0,0,0.08,0
3,CRUZEIRO,2021,10,10,0,0,0,202.2,18.21,79.4,1,0,0,0,9590.62,0,0,0.06,0
4,EIXO BALTAZAR,2021,10,10,1,1,0,202.2,18.21,79.4,1,0,0,0,8375.15,0,0,0.16,0
5,EXTREMO SUL,2021,10,10,2,1,0,202.2,18.21,79.4,0,2,0,0,300.6,2,2,0.04,0
6,GLORIA,2021,10,10,0,0,0,202.2,18.21,79.4,0,0,0,2,2324.68,0,0,0.11,0
7,HUMAITA NAVEGANTES,2021,10,10,0,0,0,202.2,18.21,79.4,2,0,0,2,2891.4,0,0,0.07,0
8,ILHAS,2021,10,10,0,0,0,202.2,18.21,79.4,0,0,0,0,188.46,0,0,0.0,0
9,LESTE,2021,10,10,0,1,0,202.2,18.21,79.4,2,0,0,0,7417.85,0,0,1.0,0
10,LOMBA DO PINHEIRO,2021,10,10,0,0,0,202.2,18.21,79.4,0,0,0,0,1230.31,0,0,0.09,0
11,NORDESTE,2021,10,10,0,0,0,202.2,18.21,79.4,0,0,0,0,5491.74,0,0,0.08,0
12,NOROESTE,2021,10,10,0,1,0,202.2,18.21,79.4,1,1,1,0,6310.17,1,1,0.23,0
13,NORTE,2021,10,10,0,1,0,202.2,18.21,79.4,1,0,0,1,3176.84,0,0,0.39,0
14,PARTENON,2021,10,10,1,0,0,202.2,18.21,79.4,1,0,0,0,8162.18,0,0,0.35,0
15,RESTINGA,2021,10,10,0,0,0,202.2,18.21,79.4,2,0,0,0,1574.92,0,0,0.05,0
16,SUL,2021,10,10,0,0,0,202.2,18.21,79.4,2,0,0,1,2802.29,0,0,0.19,0
0,CENTRO,2021,11,11,2,1,0,60.4,19.68,71.96,1,2,1,0,10646.12,2,2,0.38,0
1,CENTRO SUL,2021,11,11,0,0,0,60.4,19.68,71.96,0,0,0,0,3847.64,0,0,0.24,0
2,CRISTAL,2021,11,11,0,0,0,60.4,19.68,71.96,2,0,0,0,7056.38,0,0,0.08,0
3,CRUZEIRO,2021,11,11,1,0,0,60.4,19.68,71.96,3,0,0,0,9590.62,0,0,0.06,0
4,EIXO BALTAZAR,2021,11,11,1,1,0,60.4,19.68,71.96,0,1,0,0,8375.15,1,1,0.16,0
5,EXTREMO SUL,2021,11,11,0,1,0,60.4,19.68,71.96,0,2,2,0,300.6,2,2,0.04,0
6,GLORIA,2021,11,11,0,0,0,60.4,19.68,71.96,1,0,0,0,2324.68,0,0,0.11,0
7,HUMAITA NAVEGANTES,2021,11,11,0,1,0,60.4,19.68,71.96,2,0,0,0,2891.4,0,0,0.07,0
8,ILHAS,2021,11,11,0,0,0,60.4,19.68,71.96,0,0,0,0,188.46,0,0,0.0,0
9,LESTE,2021,11,11,3,1,0,60.4,19.68,71.96,4,0,0,0,7417.85,0,0,1.0,0
10,LOMBA DO PINHEIRO,2021,11,11,0,0,0,60.4,19.68,71.96,1,0,0,0,1230.31,0,0,0.09,0
11,NORDESTE,2021,11,11,0,0,0,60.4,19.68,71.96,1,0,0,0,5491.74,0,0,0.08,0
12,NOROESTE,2021,11,11,0,1,0,60.4,19.68,71.96,3,0,1,1,6310.17,0,0,0.23,0
13,NORTE,2021,11,11,0,1,0,60.4,19.68,71.96,1,0,0,0,3176.84,0,0,0.39,0
14,PARTENON,2021,11,11,1,1,0,60.4,19.68,71.96,2,1,0,0,8162.18,1,1,0.35,0
15,RESTINGA,2021,11,11,0,0,0,60.4,19.68,71.96,2,0,0,0,1574.92,0,0,0.05,0
16,SUL,2021,11,11,1,1,0,60.4,19.68,71.96,2,0,0,0,2802.29,0,0,0.19,0
0,CENTRO,2021,12,12,3,0,0,85.0,21.9,69.75,5,2,2,1,10646.12,2,2,0.38,0
1,CENTRO SUL,2021,12,12,0,0,0,85.0,21.9,69.75,2,0,0,0,3847.64,0,0,0.24,0
2,CRISTAL,2021,12,12,0,0,0,85.0,21.9,69.75,4,0,0,0,7056.38,0,0,0.08,0
3,CRUZEIRO,2021,12,12,0,0,0,85.0,21.9,69.75,3,1,0,0,9590.62,1,1,0.06,0
4,EIXO BALTAZAR,2021,12,12,2,0,0,85.0,21.9,69.75,3,1,1,0,8375.15,1,1,0.16,0
5,EXTREMO SUL,2021,12,12,0,0,0,85.0,21.9,69.75,1,0,2,2,300.6,0,0,0.04,0
6,GLORIA,2021,12,12,0,0,0,85.0,21.9,69.75,3,0,0,0,2324.68,0,0,0.11,0
7,HUMAITA NAVEGANTES,2021,12,12,0,0,0,85.0,21.9,69.75,2,0,0,0,2891.4,0,0,0.07,0
8,ILHAS,2021,12,12,0,0,0,85.0,21.9,69.75,0,0,0,0,188.46,0,0,0.0,0
9,LESTE,2021,12,12,1,3,0,85.0,21.9,69.75,4,3,0,0,7417.85,3,3,1.0,0
10,LOMBA DO PINHEIRO,2021,12,12,0,0,0,85.0,21.9,69.75,1,0,0,0,1230.31,0,0,0.09,0
11,NORDESTE,2021,12,12,0,0,0,85.0,21.9,69.75,4,0,0,0,5491.74,0,0,0.08,0
12,NOROESTE,2021,12,12,1,0,0,85.0,21.9,69.75,6,0,0,1,6310.17,0,0,0.23,0
13,NORTE,2021,12,12,1,0,0,85.0,21.9,69.75,1,0,0,0,3176.84,0,0,0.39,0
14,PARTENON,2021,12,12,0,0,0,85.0,21.9,69.75,6,1,1,0,8162.18,1,1,0.35,0
15,RESTINGA,2021,12,12,1,0,0,85.0,21.9,69.75,1,0,0,0,1574.92,0,0,0.05,0
16,SUL,2021,12,12,1,0,0,85.0,21.9,69.75,0,1,0,0,2802.29,1,1,0.19,0
0,CENTRO,2022,1,1,3,3,0,88.4,23.12,72.17,2,3,2,2,10646.12,3,3,0.38,0
1,CENTRO SUL,2022,1,1,1,0,0,88.4,23.12,72.17,1,0,0,0,3847.64,0,0,0.24,0
2,CRISTAL,2022,1,1,1,0,0,88.4,23.12,72.17,4,0,0,0,7056.38,0,0,0.08,0
3,CRUZEIRO,2022,1,1,1,1,0,88.4,23.12,72.17,3,0,1,0,9590.62,0,0,0.06,0
4,EIXO BALTAZAR,2022,1,1,2,1,0,88.4,23.12,72.17,3,2,1,1,8375.15,2,2,0.16,0
5,EXTREMO SUL,2022,1,1,2,0,0,88.4,23.12,72.17,2,0,0,2,300.6,0,0,0.04,0
6,GLORIA,2022,1,1,0,0,0,88.4,23.12,72.17,2,0,0,0,2324.68,0,0,0.11,0
7,HUMAITA NAVEGANTES,2022,1,1,2,0,0,88.4,23.12,72.17,4,0,0,0,2891.4,0,0,0.07,0
8,ILHAS,2022,1,1,0,0,0,88.4,23.12,72.17,0,0,0,0,188.46,0,0,0.0,0
9,LESTE,2022,1,1,1,2,0,88.4,23.12,72.17,6,1,3,0,7417.85,1,1,1.0,0
10,LOMBA DO PINHEIRO,2022,1,1,2,1,0,88.4,23.12,72.17,1,0,0,0,1230.31,0,0,0.08,0
11,NORDESTE,2022,1,1,1,0,0,88.4,23.12,72.17,3,0,0,0,5491.74,0,0,0.08,0
12,NOROESTE,2022,1,1,0,1,0,88.4,23.12,72.17,7,1,0,0,6310.17,1,1,0.23,0
13,NORTE,2022,1,1,1,3,0,88.4,23.12,72.17,3,1,0,0,3176.84,1,1,0.39,0
14,PARTENON,2022,1,1,0,1,0,88.4,23.12,72.17,4,0,1,1,8162.18,0,0,0.35,0
15,RESTINGA,2022,1,1,0,0,0,88.4,23.12,72.17,1,1,0,0,1574.92,1,1,0.05,0
16,SUL,2022,1,1,1,0,0,88.4,23.12,72.17,1,1,1,0,2802.29,1,1,0.19,0
0,CENTRO,2022,2,2,5,5,0,195.2,26.21,71.14,5,3,3,2,10646.12,3,3,0.38,0
1,CENTRO SUL,2022,2,2,3,8,0,195.2,26.21,71.14,3,1,0,0,3847.64,1,1,0.24,0
2,CRISTAL,2022,2,2,0,2,0,195.2,26.21,71.14,6,1,0,0,7056.38,1,1,0.08,0
3,CRUZEIRO,2022,2,2,2,1,0,195.2,26.21,71.14,5,1,0,1,9590.62,1,1,0.06,0
4,EIXO BALTAZAR,2022,2,2,2,2,0,195.2,26.21,71.14,3,2,2,1,8375.15,2,2,0.16,0
5,EXTREMO SUL,2022,2,2,0,2,0,195.2,26.21,71.14,1,2,0,0,300.6,2,2,0.04,0
6,GLORIA,2022,2,2,0,2,0,195.2,26.21,71.14,5,0,0,0,2324.68,0,0,0.11,0
7,HUMAITA NAVEGANTES,2022,2,2,0,2,0,195.2,26.21,71.14,3,2,0,0,2891.4,2,2,0.07,0
8,ILHAS,2022,2,2,0,0,0,195.2,26.21,71.14,0,0,0,0,188.46,0,0,0.0,0
9,LESTE,2022,2,2,17,0,0,195.2,26.21,71.14,6,1,1,3,7417.85,1,1,1.0,0
10,LOMBA DO PINHEIRO,2022,2,2,2,2,0,195.2,26.21,71.14,0,2,0,0,1230.31,2,2,0.08,0
11,NORDESTE,2022,2,2,2,2,0,195.2,26.21,71.14,3,1,0,0,5491.74,1,1,0.08,0
12,NOROESTE,2022,2,2,2,4,0,195.2,26.21,71.14,9,0,1,0,6310.17,0,0,0.23,0
13,NORTE,2022,2,2,3,6,0,195.2,26.21,71.14,2,1,1,0,3176.84,1,1,0.39,0
14,PARTENON,2022,2,2,8,4,0,195.2,26.21,71.14,7,0,0,1,8162.18,0,0,0.35,0
15,RESTINGA,2022,2,2,0,1,0,195.2,26.21,71.14,5,0,1,0,1574.92,0,0,0.05,0
16,SUL,2022,2,2,2,4,0,195.2,26.21,71.14,4,1,1,1,2802.29,1,1,0.19,0
0,CENTRO,2022,3,3,125,7,0,29.0,25.2,71.01,29,5,3,3,10646.12,5,5,0.46,0
1,CENTRO SUL,2022,3,3,164,3,0,29.0,25.2,71.01,4,3,1,0,3847.64,3,3,0.25,0
2,CRISTAL,2022,3,3,26,1,0,29.0,25.2,71.01,12,0,1,0,7056.38,0,0,0.09,0
3,CRUZEIRO,2022,3,3,32,1,0,29.0,25.2,71.01,16,2,1,0,9590.62,2,2,0.07,0
4,EIXO BALTAZAR,2022,3,3,34,3,0,29.0,25.2,71.01,24,2,2,2,8375.15,2,2,0.21,0
5,EXTREMO SUL,2022,3,3,14,0,0,29.0,25.2,71.01,2,0,2,0,300.6,0,0,0.05,0
6,GLORIA,2022,3,3,56,2,0,29.0,25.2,71.01,17,0,0,0,2324.68,0,0,0.12,0
7,HUMAITA NAVEGANTES,2022,3,3,12,1,0,29.0,25.2,71.01,7,0,2,0,2891.4,0,0,0.1,0
8,ILHAS,2022,3,3,3,0,0,29.0,25.2,71.01,0,0,0,0,188.46,0,0,0.0,0
9,LESTE,2022,3,3,725,13,0,29.0,25.2,71.01,19,17,1,1,7417.85,17,17,1.0,0
10,LOMBA DO PINHEIRO,2022,3,3,17,1,0,29.0,25.2,71.01,8,2,2,0,1230.31,2,2,0.11,0
11,NORDESTE,2022,3,3,19,2,0,29.0,25.2,71.01,19,2,1,0,5491.74,2,2,0.11,0
12,NOROESTE,2022,3,3,77,4,0,29.0,25.2,71.01,27,2,0,1,6310.17,2,2,0.28,0
13,NORTE,2022,3,3,28,4,0,29.0,25.2,71.01,4,3,1,1,3176.84,3,3,0.53,0
14,PARTENON,2022,3,3,145,4,0,29.0,25.2,71.01,26,8,0,0,8162.18,8,8,0.41,0
15,RESTINGA,2022,3,3,18,1,0,29.0,25.2,71.01,4,0,0,1,1574.92,0,0,0.06,0
16,SUL,2022,3,3,85,1,0,29.0,25.2,71.01,3,2,1,1,2802.29,2,2,0.22,0
0,CENTRO,2022,4,4,345,100,0,184.8,22.67,76.84,1017,125,5,3,10646.12,125,125,0.46,0
1,CENTRO SUL,2022,4,4,248,138,0,184.8,22.67,76.84,199,164,3,1,3847.64,164,164,0.28,0
2,CRISTAL,2022,4,4,96,36,0,184.8,22.67,76.84,406,26,0,1,7056.38,26,26,0.07,0
3,CRUZEIRO,2022,4,4,72,21,0,184.8,22.67,76.84,516,32,2,1,9590.62,32,32,0.07,0
4,EIXO BALTAZAR,2022,4,4,145,27,0,184.8,22.67,76.84,849,34,2,2,8375.15,34,34,0.21,0
5,EXTREMO SUL,2022,4,4,42,10,0,184.8,22.67,76.84,103,14,0,2,300.6,14,14,0.05,0
6,GLORIA,2022,4,4,118,67,0,184.8,22.67,76.84,461,56,0,0,2324.68,56,56,0.12,0
7,HUMAITA NAVEGANTES,2022,4,4,63,11,0,184.8,22.67,76.84,202,12,0,2,2891.4,12,12,0.09,0
8,ILHAS,2022,4,4,4,1,0,184.8,22.67,76.84,0,3,0,0,188.46,3,3,0.0,0
9,LESTE,2022,4,4,1200,165,0,184.8,22.67,76.84,400,725,17,1,7417.85,725,725,1.0,0
10,LOMBA DO PINHEIRO,2022,4,4,79,21,0,184.8,22.67,76.84,219,17,2,2,1230.31,17,17,0.11,0
11,NORDESTE,2022,4,4,76,25,0,184.8,22.67,76.84,759,19,2,1,5491.74,19,19,0.11,0
12,NOROESTE,2022,4,4,201,80,0,184.8,22.67,76.84,924,77,2,0,6310.17,77,77,0.29,0
13,NORTE,2022,4,4,130,37,0,184.8,22.67,76.84,111,28,3,1,3176.84,28,28,0.64,0
14,PARTENON,2022,4,4,386,125,0,184.8,22.67,76.84,955,145,8,0,8162.18,145,145,0.38,0
15,RESTINGA,2022,4,4,56,38,0,184.8,22.67,76.84,172,18,0,0,1574.92,18,18,0.05,0
16,SUL,2022,4,4,221,99,0,184.8,22.67,76.84,278,85,2,1,2802.29,85,85,0.2,0
0,CENTRO,2022,5,5,161,239,0,116.2,19.8,79.07,2018,345,125,5,10646.12,345,345,0.36,0
1,CENTRO SUL,2022,5,5,82,125,0,116.2,19.8,79.07,507,248,164,3,3847.64,248,248,0.25,0
2,CRISTAL,2022,5,5,46,131,0,116.2,19.8,79.07,886,96,26,0,7056.38,96,96,0.07,0
3,CRUZEIRO,2022,5,5,24,107,0,116.2,19.8,79.07,1193,72,32,2,9590.62,72,72,0.07,0
4,EIXO BALTAZAR,2022,5,5,94,180,0,116.2,19.8,79.07,1607,145,34,2,8375.15,145,145,0.15,0
5,EXTREMO SUL,2022,5,5,20,27,0,116.2,19.8,79.07,277,42,14,0,300.6,42,42,0.04,0
6,GLORIA,2022,5,5,42,157,0,116.2,19.8,79.07,1062,118,56,0,2324.68,118,118,0.11,0
7,HUMAITA NAVEGANTES,2022,5,5,32,69,0,116.2,19.8,79.07,546,63,12,0,2891.4,63,63,0.07,0
8,ILHAS,2022,5,5,5,1,0,116.2,19.8,79.07,0,4,3,0,188.46,4,4,0.0,0
9,LESTE,2022,5,5,332,432,0,116.2,19.8,79.07,1153,1200,725,17,7417.85,1200,1200,1.0,0
10,LOMBA DO PINHEIRO,2022,5,5,41,66,0,116.2,19.8,79.07,560,79,17,2,1230.31,79,79,0.08,0
11,NORDESTE,2022,5,5,45,120,0,116.2,19.8,79.07,1345,76,19,2,5491.74,76,76,0.08,0
12,NOROESTE,2022,5,5,75,163,0,116.2,19.8,79.07,1883,201,77,2,6310.17,201,201,0.23,0
13,NORTE,2022,5,5,82,173,0,116.2,19.8,79.07,346,130,28,3,3176.84,130,130,0.41,0
14,PARTENON,2022,5,5,125,194,0,116.2,19.8,79.07,1814,386,145,8,8162.18,386,386,0.35,0
15,RESTINGA,2022,5,5,16,48,0,116.2,19.8,79.07,460,56,18,0,1574.92,56,56,0.05,0
16,SUL,2022,5,5,56,119,0,116.2,19.8,79.07,560,221,85,2,2802.29,221,221,0.2,0
0,CENTRO,2022,6,6,28,87,0,153.8,15.64,84.43,634,161,345,125,10646.12,161,161,0.37,0
1,CENTRO SUL,2022,6,6,26,36,0,153.8,15.64,84.43,168,82,248,164,3847.64,82,82,0.24,0
2,CRISTAL,2022,6,6,5,10,0,153.8,15.64,84.43,323,46,96,26,7056.38,46,46,0.08,0
3,CRUZEIRO,2022,6,6,8,6,0,153.8,15.64,84.43,456,24,72,32,9590.62,24,24,0.06,0
4,EIXO BALTAZAR,2022,6,6,12,53,0,153.8,15.64,84.43,534,94,145,34,8375.15,94,94,0.16,0
5,EXTREMO SUL,2022,6,6,9,2,0,153.8,15.64,84.43,72,20,42,14,300.6,20,20,0.04,0
6,GLORIA,2022,6,6,8,4,0,153.8,15.64,84.43,344,42,118,56,2324.68,42,42,0.11,0
7,HUMAITA NAVEGANTES,2022,6,6,4,5,0,153.8,15.64,84.43,236,32,63,12,2891.4,32,32,0.07,0
8,ILHAS,2022,6,6,1,1,0,153.8,15.64,84.43,0,5,4,3,188.46,5,5,0.0,0
9,LESTE,2022,6,6,55,118,0,153.8,15.64,84.43,500,332,1200,725,7417.85,332,332,1.0,0
10,LOMBA DO PINHEIRO,2022,6,6,7,2,0,153.8,15.64,84.43,183,41,79,17,1230.31,41,41,0.08,0
11,NORDESTE,2022,6,6,16,10,0,153.8,15.64,84.43,426,45,76,19,5491.74,45,45,0.08,0
12,NOROESTE,2022,6,6,22,34,0,153.8,15.64,84.43,701,75,201,77,6310.17,75,75,0.23,0
13,NORTE,2022,6,6,17,39,0,153.8,15.64,84.43,169,82,130,28,3176.84,82,82,0.39,0
14,PARTENON,2022,6,6,27,73,0,153.8,15.64,84.43,600,125,386,145,8162.18,125,125,0.35,0
15,RESTINGA,2022,6,6,8,9,0,153.8,15.64,84.43,159,16,56,18,1574.92,16,16,0.04,0
16,SUL,2022,6,6,18,11,0,153.8,15.64,84.43,206,56,221,85,2802.29,56,56,0.19,0
0,CENTRO,2022,7,7,12,9,0,99.0,13.1,83.77,121,28,161,345,10646.12,28,28,0.38,0
1,CENTRO SUL,2022,7,7,9,12,0,99.0,13.1,83.77,39,26,82,248,3847.64,26,26,0.24,0
2,CRISTAL,2022,7,7,5,5,0,99.0,13.1,83.77,80,5,46,96,7056.38,5,5,0.08,0
3,CRUZEIRO,2022,7,7,5,5,0,99.0,13.1,83.77,94,8,24,72,9590.62,8,8,0.06,0
4,EIXO BALTAZAR,2022,7,7,10,4,0,99.0,13.1,83.77,110,12,94,145,8375.15,12,12,0.16,0
5,EXTREMO SUL,2022,7,7,2,3,0,99.0,13.1,83.77,26,9,20,42,300.6,9,9,0.04,0
6,GLORIA,2022,7,7,9,7,0,99.0,13.1,83.77,94,8,42,118,2324.68,8,8,0.11,0
7,HUMAITA NAVEGANTES,2022,7,7,4,3,0,99.0,13.1,83.77,50,4,32,63,2891.4,4,4,0.07,0
8,ILHAS,2022,7,7,1,1,0,99.0,13.1,83.77,0,1,5,4,188.46,1,1,0.0,0
9,LESTE,2022,7,7,39,7,0,99.0,13.1,83.77,105,55,332,1200,7417.85,55,55,1.0,0
10,LOMBA DO PINHEIRO,2022,7,7,10,4,0,99.0,13.1,83.77,43,7,41,79,1230.31,7,7,0.08,0
11,NORDESTE,2022,7,7,12,7,0,99.0,13.1,83.77,67,16,45,76,5491.74,16,16,0.08,0
12,NOROESTE,2022,7,7,11,9,0,99.0,13.1,83.77,116,22,75,201,6310.17,22,22,0.23,0
13,NORTE,2022,7,7,16,7,0,99.0,13.1,83.77,34,17,82,130,3176.84,17,17,0.39,0
14,PARTENON,2022,7,7,44,10,0,99.0,13.1,83.77,106,27,125,386,8162.18,27,27,0.34,0
15,RESTINGA,2022,7,7,4,2,0,99.0,13.1,83.77,42,8,16,56,1574.92,8,8,0.05,0
16,SUL,2022,7,7,10,10,0,99.0,13.1,83.77,56,18,56,221,2802.29,18,18,0.19,0
0,CENTRO,2022,8,8,6,9,0,150.2,16.35,83.82,108,12,28,161,10646.12,12,12,0.38,0
1,CENTRO SUL,2022,8,8,6,6,0,150.2,16.35,83.82,29,9,26,82,3847.64,9,9,0.24,0
2,CRISTAL,2022,8,8,2,2,0,150.2,16.35,83.82,36,5,5,46,7056.38,5,5,0.08,0
3,CRUZEIRO,2022,8,8,4,6,0,150.2,16.35,83.82,79,5,8,24,9590.62,5,5,0.06,0
4,EIXO BALTAZAR,2022,8,8,0,6,0,150.2,16.35,83.82,78,10,12,94,8375.15,10,10,0.16,0
5,EXTREMO SUL,2022,8,8,0,2,0,150.2,16.35,83.82,14,2,9,20,300.6,2,2,0.04,0
6,GLORIA,2022,8,8,6,8,0,150.2,16.35,83.82,82,9,8,42,2324.68,9,9,0.11,0
7,HUMAITA NAVEGANTES,2022,8,8,3,2,0,150.2,16.35,83.82,23,4,4,32,2891.4,4,4,0.07,0
8,ILHAS,2022,8,8,0,0,0,150.2,16.35,83.82,0,1,1,5,188.46,1,1,0.0,0
9,LESTE,2022,8,8,9,15,0,150.2,16.35,83.82,89,39,55,332,7417.85,39,39,1.0,0
10,LOMBA DO PINHEIRO,2022,8,8,2,6,0,150.2,16.35,83.82,57,10,7,41,1230.31,10,10,0.08,0
11,NORDESTE,2022,8,8,1,6,0,150.2,16.35,83.82,49,12,16,45,5491.74,12,12,0.08,0
12,NOROESTE,2022,8,8,4,8,0,150.2,16.35,83.82,81,11,22,75,6310.17,11,11,0.23,0
13,NORTE,2022,8,8,2,8,0,150.2,16.35,83.82,21,16,17,82,3176.84,16,16,0.39,0
14,PARTENON,2022,8,8,7,15,0,150.2,16.35,83.82,75,44,27,125,8162.18,44,44,0.35,0
15,RESTINGA,2022,8,8,1,2,0,150.2,16.35,83.82,31,4,8,16,1574.92,4,4,0.05,0
16,SUL,2022,8,8,6,5,0,150.2,16.35,83.82,29,10,18,56,2802.29,10,10,0.19,0
0,CENTRO,2022,9,9,4,2,0,103.6,15.15,78.73,29,6,12,28,10646.12,6,6,0.38,0
1,CENTRO SUL,2022,9,9,2,2,0,103.6,15.15,78.73,18,6,9,26,3847.64,6,6,0.24,0
2,CRISTAL,2022,9,9,0,1,0,103.6,15.15,78.73,22,2,5,5,7056.38,2,2,0.08,0
3,CRUZEIRO,2022,9,9,3,1,0,103.6,15.15,78.73,27,4,5,8,9590.62,4,4,0.06,0
4,EIXO BALTAZAR,2022,9,9,0,1,0,103.6,15.15,78.73,16,0,10,12,8375.15,0,0,0.16,0
5,EXTREMO SUL,2022,9,9,1,0,0,103.6,15.15,78.73,7,0,2,9,300.6,0,0,0.04,0
6,GLORIA,2022,9,9,4,1,0,103.6,15.15,78.73,26,6,9,8,2324.68,6,6,0.11,0
7,HUMAITA NAVEGANTES,2022,9,9,1,1,0,103.6,15.15,78.73,10,3,4,4,2891.4,3,3,0.07,0
8,ILHAS,2022,9,9,1,0,0,103.6,15.15,78.73,0,0,1,1,188.46,0,0,0.0,0
9,LESTE,2022,9,9,6,1,0,103.6,15.15,78.73,18,9,39,55,7417.85,9,9,1.0,0
10,LOMBA DO PINHEIRO,2022,9,9,0,1,0,103.6,15.15,78.73,14,2,10,7,1230.31,2,2,0.09,0
11,NORDESTE,2022,9,9,0,0,0,103.6,15.15,78.73,9,1,12,16,5491.74,1,1,0.08,0
12,NOROESTE,2022,9,9,1,3,0,103.6,15.15,78.73,20,4,11,22,6310.17,4,4,0.23,0
13,NORTE,2022,9,9,3,2,0,103.6,15.15,78.73,4,2,16,17,3176.84,2,2,0.39,0
14,PARTENON,2022,9,9,1,5,0,103.6,15.15,78.73,27,7,44,27,8162.18,7,7,0.35,0
15,RESTINGA,2022,9,9,0,1,0,103.6,15.15,78.73,14,1,4,8,1574.92,1,1,0.05,0
16,SUL,2022,9,9,4,2,0,103.6,15.15,78.73,15,6,10,18,2802.29,6,6,0.19,0
0,CENTRO,2022,10,10,5,3,0,73.2,16.52,75.62,12,4,6,12,10646.12,4,4,0.37,0
1,CENTRO SUL,2022,10,10,2,3,0,73.2,16.52,75.62,11,2,6,9,3847.64,2,2,0.24,0
2,CRISTAL,2022,10,10,0,1,0,73.2,16.52,75.62,13,0,2,5,7056.38,0,0,0.08,0
3,CRUZEIRO,2022,10,10,1,1,0,73.2,16.52,75.62,11,3,4,5,9590.62,3,3,0.06,0
4,EIXO BALTAZAR,2022,10,10,2,1,0,73.2,16.52,75.62,10,0,0,10,8375.15,0,0,0.16,0
5,EXTREMO SUL,2022,10,10,2,1,0,73.2,16.52,75.62,4,1,0,2,300.6,1,1,0.04,0
6,GLORIA,2022,10,10,1,2,0,73.2,16.52,75.62,10,4,6,9,2324.68,4,4,0.11,0
7,HUMAITA NAVEGANTES,2022,10,10,0,2,0,73.2,16.52,75.62,5,1,3,4,2891.4,1,1,0.07,0
8,ILHAS,2022,10,10,0,0,0,73.2,16.52,75.62,0,1,0,1,188.46,1,1,0.0,0
9,LESTE,2022,10,10,3,1,0,73.2,16.52,75.62,6,6,9,39,7417.85,6,6,1.0,0
10,LOMBA DO PINHEIRO,2022,10,10,1,2,0,73.2,16.52,75.62,5,0,2,10,1230.31,0,0,0.08,0
11,NORDESTE,2022,10,10,0,1,0,73.2,16.52,75.62,6,0,1,12,5491.74,0,0,0.08,0
12,NOROESTE,2022,10,10,3,3,0,73.2,16.52,75.62,14,1,4,11,6310.17,1,1,0.23,0
13,NORTE,2022,10,10,1,3,0,73.2,16.52,75.62,1,3,2,16,3176.84,3,3,0.39,0
14,PARTENON,2022,10,10,3,4,0,73.2,16.52,75.62,17,1,7,44,8162.18,1,1,0.35,0
15,RESTINGA,2022,10,10,2,0,0,73.2,16.52,75.62,9,0,1,4,1574.92,0,0,0.05,0
16,SUL,2022,10,10,5,2,0,73.2,16.52,75.62,7,4,6,10,2802.29,4,4,0.19,0
0,CENTRO,2022,11,11,4,4,0,96.2,19.02,75.58,10,5,4,6,10646.12,5,5,0.38,0
1,CENTRO SUL,2022,11,11,6,2,0,96.2,19.02,75.58,7,2,2,6,3847.64,2,2,0.24,0
2,CRISTAL,2022,11,11,1,1,0,96.2,19.02,75.58,13,0,0,2,7056.38,0,0,0.08,0
3,CRUZEIRO,2022,11,11,0,1,0,96.2,19.02,75.58,11,1,3,4,9590.62,1,1,0.06,0
4,EIXO BALTAZAR,2022,11,11,2,2,0,96.2,19.02,75.58,7,2,0,0,8375.15,2,2,0.16,0
5,EXTREMO SUL,2022,11,11,6,1,0,96.2,19.02,75.58,7,2,1,0,300.6,2,2,0.04,0
6,GLORIA,2022,11,11,4,1,0,96.2,19.02,75.58,14,1,4,6,2324.68,1,1,0.11,0
7,HUMAITA NAVEGANTES,2022,11,11,2,0,0,96.2,19.02,75.58,8,0,1,3,2891.4,0,0,0.07,0
8,ILHAS,2022,11,11,0,0,0,96.2,19.02,75.58,0,0,1,0,188.46,0,0,0.0,0
9,LESTE,2022,11,11,5,4,0,96.2,19.02,75.58,13,3,6,9,7417.85,3,3,1.0,0
10,LOMBA DO PINHEIRO,2022,11,11,5,1,0,96.2,19.02,75.58,6,1,0,2,1230.31,1,1,0.08,0
11,NORDESTE,2022,11,11,3,1,0,96.2,19.02,75.58,5,0,0,1,5491.74,0,0,0.08,0
12,NOROESTE,2022,11,11,3,1,0,96.2,19.02,75.58,11,3,1,4,6310.17,3,3,0.23,0
13,NORTE,2022,11,11,4,3,0,96.2,19.02,75.58,5,1,3,2,3176.84,1,1,0.39,0
14,PARTENON,2022,11,11,8,1,0,96.2,19.02,75.58,11,3,1,7,8162.18,3,3,0.35,0
15,RESTINGA,2022,11,11,0,1,0,96.2,19.02,75.58,9,2,0,1,1574.92,2,2,0.05,0
16,SUL,2022,11,11,4,2,0,96.2,19.02,75.58,7,5,4,6,2802.29,5,5,0.19,0
0,CENTRO,2022,12,12,12,6,0,52.2,20.99,70.63,19,4,5,4,10646.12,4,4,0.37,0
1,CENTRO SUL,2022,12,12,2,0,0,52.2,20.99,70.63,9,6,2,2,3847.64,6,6,0.24,0
2,CRISTAL,2022,12,12,2,0,0,52.2,20.99,70.63,14,1,0,0,7056.38,1,1,0.08,0
3,CRUZEIRO,2022,12,12,2,0,0,52.2,20.99,70.63,23,0,1,3,9590.62,0,0,0.06,0
4,EIXO BALTAZAR,2022,12,12,3,0,0,52.2,20.99,70.63,15,2,2,0,8375.15,2,2,0.16,0
5,EXTREMO SUL,2022,12,12,4,0,0,52.2,20.99,70.63,4,6,2,1,300.6,6,6,0.04,0
6,GLORIA,2022,12,12,2,1,0,52.2,20.99,70.63,23,4,1,4,2324.68,4,4,0.11,0
7,HUMAITA NAVEGANTES,2022,12,12,3,0,0,52.2,20.99,70.63,7,2,0,1,2891.4,2,2,0.07,0
8,ILHAS,2022,12,12,0,0,0,52.2,20.99,70.63,0,0,0,1,188.46,0,0,0.0,0
9,LESTE,2022,12,12,6,3,0,52.2,20.99,70.63,20,5,3,6,7417.85,5,5,1.0,0
10,LOMBA DO PINHEIRO,2022,12,12,1,0,0,52.2,20.99,70.63,12,5,1,0,1230.31,5,5,0.09,0
11,NORDESTE,2022,12,12,0,0,0,52.2,20.99,70.63,7,3,0,0,5491.74,3,3,0.08,0
12,NOROESTE,2022,12,12,1,1,0,52.2,20.99,70.63,17,3,3,1,6310.17,3,3,0.23,0
13,NORTE,2022,12,12,5,0,0,52.2,20.99,70.63,5,4,1,3,3176.84,4,4,0.39,0
14,PARTENON,2022,12,12,3,19,0,52.2,20.99,70.63,18,8,3,1,8162.18,8,8,0.35,0
15,RESTINGA,2022,12,12,1,2,0,52.2,20.99,70.63,19,0,2,0,1574.92,0,0,0.05,0
16,SUL,2022,12,12,4,3,0,52.2,20.99,70.63,17,4,5,4,2802.29,4,4,0.19,0
